msa.fips,dem.share,dem.share.natl,pvi
10100,0.4830440510969811,0.5282701767821113,-4.5226125685130185
10140,0.5736240201576148,0.5282701767821113,4.535384337550353
10180,0.2409221542256207,0.5282701767821113,-28.73480225564906
10220,0.31126201219124583,0.5282701767821113,-21.700816459086546
10300,0.5096251056065634,0.5282701767821113,-1.8645071175547923
10420,0.5730477221029119,0.5282701767821113,4.477754532080058
10460,0.3781185529258769,0.5282701767821113,-15.015162385623437
10500,0.535024776613962,0.5282701767821113,0.6754599831850672
10540,0.42717884485353685,0.5282701767821113,-10.109133192857445
10580,0.5778402922797752,0.5282701767821113,4.9570115497663885
10620,0.3061458850285828,0.5282701767821113,-22.21242917535285
10660,0.5800262480463112,0.5282701767821113,5.17560712641999
10700,0.20531513669755586,0.5282701767821113,-32.295504008455545
10740,0.5809747748351275,0.5282701767821113,5.27045980530162
10760,0.3268853076553683,0.5282701767821113,-20.138486912674303
10780,0.3291249044150536,0.5282701767821113,-19.91452723670577
10820,0.4364576893214669,0.5282701767821113,-9.18124874606444
10860,0.5830745759109104,0.5282701767821113,5.480439912879909
10900,0.5300078251484828,0.5282701767821113,0.17376483663714692
10940,0.5012805166515656,0.5282701767821113,-2.698966013054571
10980,0.4962546933662513,0.5282701767821113,-3.2015483415860024
11020,0.3527089120664535,0.5282701767821113,-17.55612647156578
11060,0.24938997104111726,0.5282701767821113,-27.888020574099404
11100,0.20599343397880604,0.5282701767821113,-32.227674280330525
11140,0.5022998937034877,0.5282701767821113,-2.597028307862359
11180,0.577025579569737,0.5282701767821113,4.8755402787625695
11220,0.4676032926309133,0.5282701767821113,-6.066688415119797
11260,0.39748510622024147,0.5282701767821113,-13.078507056186982
11380,0.175405880545291,0.5282701767821113,-35.28642962368203
11420,0.40618597263004363,0.5282701767821113,-12.208420415206767
11460,0.6947393929341111,0.5282701767821113,16.646921615199982
11500,0.3371369525640746,0.5282701767821113,-19.11332242180367
11540,0.5141175304947879,0.5282701767821113,-1.4152646287323378
11580,0.4326318277936031,0.5282701767821113,-9.563834898850821
11620,0.29199238903122127,0.5282701767821113,-23.627778775089002
11660,0.4740833531974284,0.5282701767821113,-5.418682358468291
11680,0.3597278703562147,0.5282701767821113,-16.854230642589663
11700,0.50109855538118,0.5282701767821113,-2.7171621400931323
11740,0.36409242975953976,0.5282701767821113,-16.417774702257155
11780,0.5672421852524512,0.5282701767821113,3.897200847033988
11820,0.5871923685713663,0.5282701767821113,5.892219178925496
11860,0.4283953271867602,0.5282701767821113,-9.98748495953511
11900,0.6810188317645494,0.5282701767821113,15.274865498243805
11940,0.28063059608095325,0.5282701767821113,-24.763958070115805
11980,0.24920186448703585,0.5282701767821113,-27.906831229507546
12020,0.48124237622364263,0.5282701767821113,-4.702780055846867
12060,0.5099030942662796,0.5282701767821113,-1.8367082515831745
12100,0.5806079986757293,0.5282701767821113,5.233782189361802
12120,0.3638630293873554,0.5282701767821113,-16.44071473947559
12140,0.3808697715207284,0.5282701767821113,-14.740040526138293
12180,0.5507733149037074,0.5282701767821113,2.25031381215961
12220,0.39960597886882987,0.5282701767821113,-12.866419791328143
12260,0.4599298555061536,0.5282701767821113,-6.834032127595768
12300,0.5723883546471077,0.5282701767821113,4.411817786499639
12380,0.6186188107933721,0.5282701767821113,9.034863401126081
12420,0.5543918882597099,0.5282701767821113,2.6121711477598564
12460,0.4348690391975223,0.5282701767821113,-9.340113758458902
12540,0.4117811130195068,0.5282701767821113,-11.648906376260449
12580,0.5889995322199283,0.5282701767821113,6.072935543781699
12620,0.5205276652116165,0.5282701767821113,-0.774251157049477
12660,0.60514277332765,0.5282701767821113,7.687259654553868
12680,0.42321737752450905,0.5282701767821113,-10.505279925760224
12700,0.555484179194405,0.5282701767821113,2.721400241229366
12740,0.7126167194448247,0.5282701767821113,18.434654266271345
12780,0.2690177117306027,0.5282701767821113,-25.925246505150863
12820,0.457832048262537,0.5282701767821113,-7.043812851957432
12860,0.4016119961367547,0.5282701767821113,-12.66581806453566
12900,0.2910059459089849,0.5282701767821113,-23.726423087312643
12940,0.4325645192145472,0.5282701767821113,-9.57056575675641
12980,0.5278520258645731,0.5282701767821113,-0.04181509175381626
13020,0.5530383109386984,0.5282701767821113,2.4768134156587074
13060,0.3464128014747993,0.5282701767821113,-18.1857375307312
13100,0.4329802963817675,0.5282701767821113,-9.528988040034381
13140,0.39890869581441657,0.5282701767821113,-12.936148096769474
13180,0.4406329580991982,0.5282701767821113,-8.763721868291308
13220,0.36093322009573237,0.5282701767821113,-16.733695668637893
13260,0.3637931681080775,0.5282701767821113,-16.44770086740338
13300,0.44561175960862576,0.5282701767821113,-8.265841717348554
13340,0.3527729611214129,0.5282701767821113,-17.54972156606984
13380,0.5818313508580817,0.5282701767821113,5.356117407597038
13420,0.5513192622935517,0.5282701767821113,2.304908551144036
13460,0.48189512114757294,0.5282701767821113,-4.6375055634538365
13500,0.626817088320549,0.5282701767821113,9.854691153843776
13540,0.6703279419146493,0.5282701767821113,14.205776513253799
13620,0.587896401793209,0.5282701767821113,5.962622501109771
13660,0.47325371831002083,0.5282701767821113,-5.501645847209047
13700,0.24613293757564403,0.5282701767821113,-28.21372392064673
13720,0.35244985227626147,0.5282701767821113,-17.582032450584983
13740,0.42830576917804786,0.5282701767821113,-9.996440760406344
13780,0.5136624195114379,0.5282701767821113,-1.4607757270673427
13820,0.4012528533901585,0.5282701767821113,-12.701732339195281
13900,0.369007739369588,0.5282701767821113,-15.926243741252332
13940,0.24352654002443316,0.5282701767821113,-28.474363675767812
13980,0.4644606654464004,0.5282701767821113,-6.380951133571089
14010,0.4678662756771418,0.5282701767821113,-6.0403901104969515
14020,0.603203460657332,0.5282701767821113,7.4933283875220695
14100,0.4455238194642165,0.5282701767821113,-8.27463573178948
14140,0.2924207621137022,0.5282701767821113,-23.58494146684091
14180,0.49173637842590157,0.5282701767821113,-3.6533798356209735
14220,0.34394514299863715,0.5282701767821113,-18.432503378347416
14260,0.40940034932554037,0.5282701767821113,-11.886982745657093
14300,0.26662535217531624,0.5282701767821113,-26.164482460679505
14340,0.5364592018674958,0.5282701767821113,0.8189025085384549
14380,0.5028830892542189,0.5282701767821113,-2.5387087527892427
14420,0.14269475266535742,0.5282701767821113,-38.557542411675385
14460,0.6188559781225078,0.5282701767821113,9.058580134039651
14500,0.7244533071454666,0.5282701767821113,19.618313036335532
14540,0.36439307782281327,0.5282701767821113,-16.387709895929802
14580,0.49575694206573045,0.5282701767821113,-3.2513234716380843
14620,0.38448237726935075,0.5282701767821113,-14.378779951276055
14660,0.4459103102936619,0.5282701767821113,-8.23598664884494
14700,0.28304304425989785,0.5282701767821113,-24.522713252221344
14720,0.6470211734716118,0.5282701767821113,11.875099668950051
14740,0.5614619365822462,0.5282701767821113,3.319175980013489
14780,0.2606738575808718,0.5282701767821113,-26.75963192012395
14820,0.4254790027183805,0.5282701767821113,-10.279117406373079
14860,0.5726130713698606,0.5282701767821113,4.4342894587749315
15020,0.3367293834841991,0.5282701767821113,-19.15407932979122
15060,0.4262420595702655,0.5282701767821113,-10.20281172118458
15100,0.5060694022713235,0.5282701767821113,-2.2200774510787835
15140,0.6070380678452847,0.5282701767821113,7.876789106317339
15180,0.6510136735556584,0.5282701767821113,12.274349677354712
15220,0.16385402679510083,0.5282701767821113,-36.44161499870104
15260,0.3583107274529473,0.5282701767821113,-16.9959449329164
15340,0.3950296470453627,0.5282701767821113,-13.32405297367486
15380,0.571696987985762,0.5282701767821113,4.342681120365066
15420,0.18561956373463084,0.5282701767821113,-34.265061304748045
15460,0.6010324175952053,0.5282701767821113,7.276224081309401
15500,0.4420522669978452,0.5282701767821113,-8.621790978426608
15540,0.6982170283862406,0.5282701767821113,16.994685160412924
15580,0.6872495237806799,0.5282701767821113,15.897934699856863
15620,0.4215037752466614,0.5282701767821113,-10.67664015354499
15660,0.22616176937633528,0.5282701767821113,-30.210840740577606
15680,0.4294248722668206,0.5282701767821113,-9.884530451529072
15700,0.46737767944472086,0.5282701767821113,-6.089249733739043
15740,0.45317790536661007,0.5282701767821113,-7.509227141550124
15780,0.42683077997717783,0.5282701767821113,-10.143939680493347
15820,0.29902054024706615,0.5282701767821113,-22.924963653504516
15860,0.3440078884640341,0.5282701767821113,-18.426228831807723
15900,0.5827907224955927,0.5282701767821113,5.452054571348142
15940,0.5109265832006211,0.5282701767821113,-1.734359358149018
15980,0.43227815804097663,0.5282701767821113,-9.599201874113467
16020,0.32004177634256115,0.5282701767821113,-20.822840043955015
16060,0.4866952314648496,0.5282701767821113,-4.157494531726169
16100,0.3491597407360402,0.5282701767821113,-17.91104360460711
16140,0.49379129345660616,0.5282701767821113,-3.447888332550514
16180,0.47903724197556885,0.5282701767821113,-4.9232934806542445
16220,0.3058460438574674,0.5282701767821113,-22.24241329246439
16260,0.16895422320611886,0.5282701767821113,-35.93159535759924
16300,0.5869254976347806,0.5282701767821113,5.865532085266933
16340,0.28036127013929923,0.5282701767821113,-24.790890664281207
16380,0.25102334634242773,0.5282701767821113,-27.724683043968355
16420,0.43587745214018003,0.5282701767821113,-9.239272464193126
16460,0.44607937089726635,0.5282701767821113,-8.219080588484495
16500,0.3921387658731912,0.5282701767821113,-13.613141090892011
16540,0.320366192350749,0.5282701767821113,-20.790398443136233
16580,0.5317898553002942,0.5282701767821113,0.35196785181829116
16620,0.46349131274059474,0.5282701767821113,-6.477886404151656
16660,0.45607477710615507,0.5282701767821113,-7.2195399675956224
16700,0.4831186607110536,0.5282701767821113,-4.515151607105771
16740,0.4830820115371699,0.5282701767821113,-4.51881652449414
16820,0.5810513884171228,0.5282701767821113,5.278121163501148
16860,0.38113263012507853,0.5282701767821113,-14.713754665703277
16940,0.3849409373570968,0.5282701767821113,-14.332923942501452
16980,0.6636285246049758,0.5282701767821113,13.535834782286448
17020,0.5008331329737611,0.5282701767821113,-2.7437043808350214
17060,0.477836088298242,0.5282701767821113,-5.043408848386932
17140,0.42612422570677555,0.5282701767821113,-10.214595107533576
17200,0.6419333935121888,0.5282701767821113,11.36632167300775
17220,0.3871483815857045,0.5282701767821113,-14.112179519640677
17260,0.7321865192328337,0.5282701767821113,20.391634245072243
17300,0.4267283796920808,0.5282701767821113,-10.154179709003053
17340,0.5939117873314306,0.5282701767821113,6.564161054931928
17380,0.6855776882499385,0.5282701767821113,15.730751146782717
17420,0.24964050957358264,0.5282701767821113,-27.862966720852867
17460,0.6253682520356707,0.5282701767821113,9.70980752535594
17500,0.46691957989787747,0.5282701767821113,-6.135059688423383
17540,0.6165612130666268,0.5282701767821113,8.829103628451552
17580,0.3151520459077255,0.5282701767821113,-21.31181308743858
17660,0.34464994422740336,0.5282701767821113,-18.362023255470795
17700,0.3032357578663451,0.5282701767821113,-22.50344189157662
17740,0.43833194523054725,0.5282701767821113,-8.993823155156406
17780,0.3380794864454001,0.5282701767821113,-19.019069033671123
17820,0.3975049450313428,0.5282701767821113,-13.076523175076849
17860,0.5383341191244013,0.5282701767821113,1.0063942342290022
17900,0.5065573762479145,0.5282701767821113,-2.1712800534196774
17980,0.543122014316936,0.5282701767821113,1.4851837534824663
18020,0.4064899123769631,0.5282701767821113,-12.178026440514822
18060,0.4915778131464205,0.5282701767821113,-3.6692363635690786
18100,0.26328753533910026,0.5282701767821113,-26.498264144301103
18140,0.5320751536506154,0.5282701767821113,0.38049768685041174
18180,0.5672517328217768,0.5282701767821113,3.8981556039665466
18220,0.44250164934850733,0.5282701767821113,-8.576852743360398
18260,0.36431054536922536,0.5282701767821113,-16.395963141288593
18300,0.4753856307847518,0.5282701767821113,-5.288454599735948
18380,0.4208916551917986,0.5282701767821113,-10.73785215903127
18420,0.25832463403055517,0.5282701767821113,-26.994554275155615
18460,0.17839394774704204,0.5282701767821113,-34.987622903506924
18500,0.4164960609439652,0.5282701767821113,-11.177411583814612
18580,0.4545873004965887,0.5282701767821113,-7.368287628552261
18620,0.30968420217682335,0.5282701767821113,-21.858597460528795
18660,0.548633895409403,0.5282701767821113,2.0363718627291694
18700,0.6557559569673824,0.5282701767821113,12.748578018527112
18740,0.4612900009774371,0.5282701767821113,-6.698017580467419
18780,0.2487327233257149,0.5282701767821113,-27.953745345639643
18820,0.3509702420903619,0.5282701767821113,-17.729993469174943
18860,0.45819006063462403,0.5282701767821113,-7.008011614748727
18880,0.259689382578292,0.5282701767821113,-26.85807942038193
18900,0.28140742634425503,0.5282701767821113,-24.686275043785628
18980,0.15853267076978791,0.5282701767821113,-36.97375060123234
19000,0.5112870701859021,0.5282701767821113,-1.6983106596209163
19060,0.3380778749838974,0.5282701767821113,-19.01923017982139
19100,0.43557105657759376,0.5282701767821113,-9.269912020451754
19140,0.2750024457511938,0.5282701767821113,-25.32677310309175
19180,0.4677776368047706,0.5282701767821113,-6.049253997734072
19220,0.3415119924945309,0.5282701767821113,-18.67581842875804
19260,0.4639505957220035,0.5282701767821113,-6.431958106010782
19300,0.22927077376571198,0.5282701767821113,-29.899940301639933
19340,0.5812980933265326,0.5282701767821113,5.30279165444213
19380,0.4771132820401748,0.5282701767821113,-5.115689474193652
19420,0.2587345915740958,0.5282701767821113,-26.95355852080155
19460,0.2955086472265833,0.5282701767821113,-23.2761529555528
19500,0.4895242583765248,0.5282701767821113,-3.87459184055865
19540,0.3341553726902157,0.5282701767821113,-19.411480409189558
19580,0.4391875620037812,0.5282701767821113,-8.908261477833012
19620,0.5377805007046611,0.5282701767821113,0.9510323922549802
19660,0.506838480047186,0.5282701767821113,-2.1431696734925287
19700,0.5104775885006121,0.5282701767821113,-1.779258828149921
19740,0.5773249660191875,0.5282701767821113,4.9054789237076175
19760,0.21279159890096,0.5282701767821113,-31.54785778811513
19780,0.5466367587742735,0.5282701767821113,1.8366581992162234
19820,0.6151950466364025,0.5282701767821113,8.692486985429115
19860,0.29965826034363485,0.5282701767821113,-22.861191643847643
19940,0.4736029443504517,0.5282701767821113,-5.46672324316596
19980,0.32998055547377125,0.5282701767821113,-19.828962130834004
20020,0.28301535069395756,0.5282701767821113,-24.525482608815373
20060,0.3525584690734015,0.5282701767821113,-17.57117077087098
20100,0.5373180665417547,0.5282701767821113,0.9047889759643435
20140,0.38121239879557056,0.5282701767821113,-14.705777798654074
20180,0.395792940439546,0.5282701767821113,-13.24772363425653
20220,0.590089124444342,0.5282701767821113,6.181894766223072
20260,0.6571528156942915,0.5282701767821113,12.88826389121802
20300,0.20161440737414593,0.5282701767821113,-32.665576940796534
20340,0.23675507639497828,0.5282701767821113,-29.1515100387133
20380,0.4099322667363693,0.5282701767821113,-11.833791004574202
20420,0.5651315997439728,0.5282701767821113,3.6861422961861456
20460,0.3005659439433207,0.5282701767821113,-22.77042328387906
20500,0.7015326976615939,0.5282701767821113,17.32625208794826
20540,0.29189234053057134,0.5282701767821113,-23.637783625153997
20580,0.7898306825030799,0.5282701767821113,26.156050572096856
20660,0.4441300339162175,0.5282701767821113,-8.414014286589378
20700,0.574820983273078,0.5282701767821113,4.655080649096666
20740,0.5662098463165814,0.5282701767821113,3.7939669534470144
20780,0.5966738962919939,0.5282701767821113,6.8403719509882555
20820,0.2766241215619904,0.5282701767821113,-25.16460552201209
20900,0.3232176282773541,0.5282701767821113,-20.50525485047572
20940,0.6480009017238915,0.5282701767821113,11.973072494178016
20980,0.36686225765762825,0.5282701767821113,-16.140791912448304
21020,0.5002559779646997,0.5282701767821113,-2.801419881741163
21060,0.38509382526089186,0.5282701767821113,-14.317635152121944
21120,0.2121522970820935,0.5282701767821113,-31.61178797000178
21140,0.4044462288291977,0.5282701767821113,-12.382394795291363
21180,0.38998168812524636,0.5282701767821113,-13.828848865686494
21220,0.2554539274281138,0.5282701767821113,-27.28162493539975
21260,0.45357089595927635,0.5282701767821113,-7.469928082283495
21300,0.4909676356442314,0.5282701767821113,-3.7302541137879897
21340,0.6629707895303892,0.5282701767821113,13.470061274827794
21380,0.455332779633167,0.5282701767821113,-7.293739714894432
21420,0.24147175690572195,0.5282701767821113,-28.67984198763893
21460,0.25268317118067785,0.5282701767821113,-27.558700560143347
21500,0.5909946774175681,0.5282701767821113,6.272450063545676
21540,0.499308339675592,0.5282701767821113,-2.896183710651928
21580,0.7640284281881287,0.5282701767821113,23.575825140601737
21640,0.5076196649022946,0.5282701767821113,-2.06505118798167
21660,0.6313226030307987,0.5282701767821113,10.305242624868738
21700,0.6465440317447144,0.5282701767821113,11.827385496260312
21740,0.24212916780274413,0.5282701767821113,-28.614100897936716
21780,0.45749669717954544,0.5282701767821113,-7.077347960256586
21840,0.5933543564810771,0.5282701767821113,6.508417969896585
21860,0.40007023199707736,0.5282701767821113,-12.819994478503393
21900,0.46444274988177375,0.5282701767821113,-6.382742690033755
21980,0.3169095875960356,0.5282701767821113,-21.13605891860757
22020,0.5250114963314165,0.5282701767821113,-0.3258680450694773
22060,0.5506336298523555,0.5282701767821113,2.2363453070244232
22100,0.4383889856576363,0.5282701767821113,-8.988119112447501
22140,0.37372940317648795,0.5282701767821113,-15.454077360562335
22180,0.594235874532455,0.5282701767821113,6.596569775034366
22220,0.355525401672485,0.5282701767821113,-17.274477510962633
22260,0.41300581927011615,0.5282701767821113,-11.526435751199514
22280,0.38096671709918306,0.5282701767821113,-14.730345968292823
22300,0.3705493007606407,0.5282701767821113,-15.772087602147062
22340,0.4281749153182718,0.5282701767821113,-10.009526146383951
22380,0.5829196389364577,0.5282701767821113,5.46494621543464
22420,0.6537650845549883,0.5282701767821113,12.549490777287698
22500,0.49650202358928175,0.5282701767821113,-3.176815319282955
22520,0.3683117384353774,0.5282701767821113,-15.99584383467339
22540,0.4394233316996794,0.5282701767821113,-8.88468450824319
22580,0.3351308441835029,0.5282701767821113,-19.31393325986084
22620,0.588284629593805,0.5282701767821113,6.001445281169371
22660,0.5395521959820113,0.5282701767821113,1.1282019199900017
22700,0.5364674833380656,0.5282701767821113,0.8197306555954298
22780,0.3352831358745152,0.5282701767821113,-19.29870409075961
22800,0.5209279489324103,0.5282701767821113,-0.7342227849700955
22820,0.3750807974333441,0.5282701767821113,-15.31893793487672
22840,0.2309337779689764,0.5282701767821113,-29.73363988131349
22860,0.21768445317294213,0.5282701767821113,-31.058572360916912
22900,0.29936884687624243,0.5282701767821113,-22.890132990586885
23060,0.4277101290414893,0.5282701767821113,-10.056004774062199
23140,0.38850750054294003,0.5282701767821113,-13.976267623917128
23180,0.4486754804935725,0.5282701767821113,-7.959469628853882
23240,0.1892286346422819,0.5282701767821113,-33.90415421398294
23300,0.5127393181123786,0.5282701767821113,-1.5530858669732694
23340,0.41274916208290036,0.5282701767821113,-11.552101469921094
23380,0.5187756856339456,0.5282701767821113,-0.9494491148165696
23420,0.5098871051701185,0.5282701767821113,-1.8383071611992818
23460,0.3057151719863531,0.5282701767821113,-22.25550047957582
23500,0.35178365063709816,0.5282701767821113,-17.648652614501316
23540,0.5777870804250211,0.5282701767821113,4.951690364290984
23580,0.2291182843918238,0.5282701767821113,-29.91518923902875
23620,0.1813328229098844,0.5282701767821113,-34.69373538722269
23660,0.594746156570882,0.5282701767821113,6.647597978877073
23700,0.7313246316540738,0.5282701767821113,20.30544548719625
23780,0.29724744706231165,0.5282701767821113,-23.102272971979964
23820,0.39251624179802097,0.5282701767821113,-13.575393498409033
23860,0.46748723524540486,0.5282701767821113,-6.078294153670644
23900,0.38072123180959194,0.5282701767821113,-14.754894497251936
23940,0.15661815269228543,0.5282701767821113,-37.16520240898259
23980,0.33134457186867894,0.5282701767821113,-19.692560491343237
24020,0.5101080960924902,0.5282701767821113,-1.8162080689621107
24060,0.5565946965236499,0.5282701767821113,2.83245197415386
24100,0.4480663909682602,0.5282701767821113,-8.020378581385113
24140,0.4572028639064837,0.5282701767821113,-7.106731287562762
24220,0.5017747811634157,0.5282701767821113,-2.6495395618695627
24260,0.3415942536908897,0.5282701767821113,-18.66759230912216
24300,0.3422019372128083,0.5282701767821113,-18.606823956930302
24330,0.5583099801511124,0.5282701767821113,3.003980336900114
24340,0.4428496208553545,0.5282701767821113,-8.542055592675679
24380,0.6368997651813502,0.5282701767821113,10.862958839923886
24420,0.4091364215065063,0.5282701767821113,-11.913375527560499
24460,0.2526826814160468,0.5282701767821113,-27.558749536606452
24500,0.4826662003854284,0.5282701767821113,-4.56039763966829
24540,0.4451360079050882,0.5282701767821113,-8.313416887702306
24580,0.5150294217376696,0.5282701767821113,-1.3240755044441666
24620,0.27914757592772127,0.5282701767821113,-24.912260085439
24640,0.7443157850986273,0.5282701767821113,21.604560831651597
24660,0.5113586172061326,0.5282701767821113,-1.6911559575978674
24700,0.3343559232555542,0.5282701767821113,-19.391425352655713
24740,0.6932914837942481,0.5282701767821113,16.50213070121368
24780,0.5401102354293283,0.5282701767821113,1.1840058647217044
24820,0.2945593584136643,0.5282701767821113,-23.3710818368447
24860,0.3469167646326657,0.5282701767821113,-18.13534121494456
24900,0.5867394388541642,0.5282701767821113,5.8469262072052945
24940,0.4229890273542954,0.5282701767821113,-10.528114942781592
24980,0.4577750385335182,0.5282701767821113,-7.049513824859311
25060,0.334799415086887,0.5282701767821113,-19.34707616952243
25100,0.14814680671987035,0.5282701767821113,-38.012337006224094
25180,0.41869782217607265,0.5282701767821113,-10.957235460603865
25200,0.5741270515473884,0.5282701767821113,4.585687476527712
25220,0.3513795684229978,0.5282701767821113,-17.689060835911352
25260,0.4257205521921286,0.5282701767821113,-10.254962458998268
25300,0.36380253030428067,0.5282701767821113,-16.446764647783063
25420,0.4696995425916123,0.5282701767821113,-5.857063419049902
25460,0.278806288410765,0.5282701767821113,-24.94638883713463
25500,0.38847625997277846,0.5282701767821113,-13.979391680933285
25540,0.6300908097886629,0.5282701767821113,10.182063300655164
25580,0.34515123460271,0.5282701767821113,-18.31189421794013
25620,0.3318242683070971,0.5282701767821113,-19.64459084750142
25700,0.29753911017503315,0.5282701767821113,-23.073106660707815
25720,0.2901626415942258,0.5282701767821113,-23.81075351878855
25740,0.4886655632494511,0.5282701767821113,-3.9604613532660204
25760,0.6573355148036677,0.5282701767821113,12.90653380215564
25780,0.6379222079764275,0.5282701767821113,10.96520311943162
25820,0.27700283594364156,0.5282701767821113,-25.126734083846973
25840,0.36597535293182043,0.5282701767821113,-16.229482385029087
25860,0.35508186196651637,0.5282701767821113,-17.318831481559492
25880,0.4079367012863977,0.5282701767821113,-12.03334754957136
25940,0.4483476147145281,0.5282701767821113,-7.992256206758319
25980,0.5993273590016479,0.5282701767821113,7.10571822195366
26020,0.26107530837025505,0.5282701767821113,-26.719486841185624
26090,0.42314868911092773,0.5282701767821113,-10.512148767118356
26140,0.4038764231829084,0.5282701767821113,-12.439375359920291
26220,0.648640359681294,0.5282701767821113,12.037018289918267
26260,0.39129685703275396,0.5282701767821113,-13.697331974935734
26300,0.35940507059672766,0.5282701767821113,-16.886510618538363
26340,0.4643620169986684,0.5282701767821113,-6.390815978344289
26380,0.27472669681549866,0.5282701767821113,-25.354347996661264
26420,0.4505889424846672,0.5282701767821113,-7.768123429744412
26460,0.5692612118197495,0.5282701767821113,4.099103503763823
26500,0.33578985405789663,0.5282701767821113,-19.24803227242147
26540,0.3297381157800189,0.5282701767821113,-19.853206100209242
26580,0.4080507221725863,0.5282701767821113,-12.021945460952498
26620,0.39096044036374367,0.5282701767821113,-13.730973641836764
26660,0.3455998807498425,0.5282701767821113,-18.26702960322688
26700,0.4339899345808688,0.5282701767821113,-9.428024220124248
26740,0.36031870150586315,0.5282701767821113,-16.795147527624817
26780,0.39601827613597074,0.5282701767821113,-13.225190064614056
26820,0.2327754721691619,0.5282701767821113,-29.54947046129494
26860,0.4344447141887706,0.5282701767821113,-9.382546259334068
26900,0.48721160708846534,0.5282701767821113,-4.105856969364597
26940,0.7219996592277095,0.5282701767821113,19.37294824455982
26960,0.4525780914671794,0.5282701767821113,-7.569208531493188
26980,0.6698960684023962,0.5282701767821113,14.162589162028494
27020,0.4209419425506209,0.5282701767821113,-10.732823423149041
27060,0.7123647639175408,0.5282701767821113,18.409458713542946
27100,0.491542355241673,0.5282701767821113,-3.67278215404383
27140,0.505814733104714,0.5282701767821113,-2.245544367739727
27160,0.39581411377945924,0.5282701767821113,-13.245606300265205
27180,0.4224322917866309,0.5282701767821113,-10.583788499548042
27220,0.5576749687850653,0.5282701767821113,2.9404792002953983
27260,0.4121859608487893,0.5282701767821113,-11.608421593332203
27300,0.44938388609049584,0.5282701767821113,-7.888629069161546
27340,0.37809208119322896,0.5282701767821113,-15.017809558888235
27380,0.26269650322384624,0.5282701767821113,-26.557367355826507
27420,0.40561059375206393,0.5282701767821113,-12.265958303004737
27460,0.48230370179278026,0.5282701767821113,-4.596647498933104
27500,0.6329860390900515,0.5282701767821113,10.471586230794017
27540,0.4172657023560866,0.5282701767821113,-11.100447442602468
27600,0.1995662621779733,0.5282701767821113,-32.8703914604138
27620,0.3371054566658669,0.5282701767821113,-19.11647201162444
27660,0.27764338470790967,0.5282701767821113,-25.062679207420164
27700,0.2644727277963159,0.5282701767821113,-26.37974489857954
27740,0.295163085479133,0.5282701767821113,-23.31070913029783
27780,0.4558438571758,0.5282701767821113,-7.24263196063113
27860,0.3544526059649723,0.5282701767821113,-17.3817570817139
27900,0.2997525134260974,0.5282701767821113,-22.851766335601393
27920,0.43490343381554963,0.5282701767821113,-9.336674296656167
28020,0.5706856636550428,0.5282701767821113,4.24154868729315
28060,0.35810837707589693,0.5282701767821113,-17.016179970621437
28100,0.5031425922200422,0.5282701767821113,-2.5127584562069094
28140,0.5082001125523101,0.5282701767821113,-2.0070064229801177
28260,0.2919449771807193,0.5282701767821113,-23.6325199601392
28300,0.6327985181608928,0.5282701767821113,10.452834137878153
28340,0.37537039478803935,0.5282701767821113,-15.289978199407194
28380,0.36933396725757994,0.5282701767821113,-15.893620952453135
28420,0.3679909139259843,0.5282701767821113,-16.027926285612697
28500,0.2251257166261852,0.5282701767821113,-30.314446015592612
28580,0.5134870016065088,0.5282701767821113,-1.4783175175602459
28620,0.44049086315323177,0.5282701767821113,-8.777931362887953
28660,0.4061843437649699,0.5282701767821113,-12.208583301714137
28700,0.28515186317963387,0.5282701767821113,-24.311831360247744
28740,0.6180085900200671,0.5282701767821113,8.973841323795584
28780,0.5375786674376533,0.5282701767821113,0.9308490655541957
28820,0.4994988286363887,0.5282701767821113,-2.8771348145722575
28860,0.41180743435221556,0.5282701767821113,-11.646274242989573
28900,0.31709437233974447,0.5282701767821113,-21.117580444236683
28940,0.3337413065961504,0.5282701767821113,-19.452887018596087
29020,0.4478081008627008,0.5282701767821113,-8.046207591941052
29060,0.49040764870005676,0.5282701767821113,-3.786252808205454
29100,0.5936160690723632,0.5282701767821113,6.5345892290251895
29180,0.32655368728060463,0.5282701767821113,-20.17164895015067
29200,0.4984928859537304,0.5282701767821113,-2.9777290828380876
29260,0.3602676384637241,0.5282701767821113,-16.800253831838717
29300,0.407242840698802,0.5282701767821113,-12.10273360833093
29340,0.3542962061738262,0.5282701767821113,-17.397397060828514
29380,0.32204202227957057,0.5282701767821113,-20.622815450254073
29420,0.30845231421436076,0.5282701767821113,-21.981786256775056
29460,0.4673214104433928,0.5282701767821113,-6.0948766338718485
29500,0.2830775773445702,0.5282701767821113,-24.51925994375411
29540,0.4220461257210265,0.5282701767821113,-10.622405106108479
29620,0.595259037197543,0.5282701767821113,6.698886041543172
29660,0.5040192871372798,0.5282701767821113,-2.4250889644831464
29700,0.7453549613820372,0.5282701767821113,21.708478459992588
29740,0.5827478783693087,0.5282701767821113,5.447770158719745
29780,0.7999422346529953,0.5282701767821113,27.1672057870884
29820,0.5856231859435987,0.5282701767821113,5.735300916148745
29860,0.36428950078437794,0.5282701767821113,-16.398067599773334
29900,0.5803311331592556,0.5282701767821113,5.206095637714425
29940,0.6422491300065107,0.5282701767821113,11.397895322439943
29980,0.3052483352028395,0.5282701767821113,-22.30218415792718
30020,0.40348755908585243,0.5282701767821113,-12.478261769625886
30060,0.2983083710573272,0.5282701767821113,-22.99618057247841
30140,0.38066440959433123,0.5282701767821113,-14.760576718778006
30220,0.2240081020558135,0.5282701767821113,-30.42620747262978
30260,0.40411440941050736,0.5282701767821113,-12.415576737160395
30280,0.3714570863404958,0.5282701767821113,-15.681309044161551
30300,0.40847646508590174,0.5282701767821113,-11.979371169620956
30340,0.5718430704275792,0.5282701767821113,4.357289364546791
30380,0.29662194731146946,0.5282701767821113,-23.164822947064184
30420,0.290310245870408,0.5282701767821113,-23.79599309117033
30460,0.45788759703279264,0.5282701767821113,-7.0382579749318666
30580,0.28715375521004183,0.5282701767821113,-24.111642157206948
30620,0.38623933415995215,0.5282701767821113,-14.203084262215915
30660,0.37528089886141236,0.5282701767821113,-15.298927792069893
30700,0.5025308528692561,0.5282701767821113,-2.573932391285516
30780,0.4474357216993602,0.5282701767821113,-8.083445508275112
30820,0.4629438557958434,0.5282701767821113,-6.53263209862679
30860,0.1932258976210453,0.5282701767821113,-33.5044279161066
30880,0.3708409635338805,0.5282701767821113,-15.742921324823078
30900,0.42267146729044625,0.5282701767821113,-10.559870949166505
30940,0.2176672731298693,0.5282701767821113,-31.060290365224198
30980,0.2773348860447207,0.5282701767821113,-25.093529073739063
31020,0.5399420517845595,0.5282701767821113,1.167187500244815
31060,0.5273382583250952,0.5282701767821113,-0.09319184570161232
31080,0.6499052962845522,0.5282701767821113,12.163511950244088
31140,0.4952428632303103,0.5282701767821113,-3.3027313551800996
31180,0.30440968916188377,0.5282701767821113,-22.386048762022753
31220,0.4986554319449527,0.5282701767821113,-2.9614744837158593
31260,0.30120908871582547,0.5282701767821113,-22.706108806628585
31300,0.5787202454128013,0.5282701767821113,5.045006863069002
31340,0.36509590727234387,0.5282701767821113,-16.317426950976742
31380,0.5104619527790246,0.5282701767821113,-1.7808224003086681
31420,0.5185087974763878,0.5282701767821113,-0.9761379305723517
31460,0.4221526914682504,0.5282701767821113,-10.61174853138609
31500,0.45834027103149133,0.5282701767821113,-6.992990575061997
31540,0.7076811408762054,0.5282701767821113,17.941096409409408
31580,0.33541540086746735,0.5282701767821113,-19.285477591464396
31620,0.37901632468487506,0.5282701767821113,-14.925385209723624
31660,0.6228848331097125,0.5282701767821113,9.461465632760124
31680,0.36173738854559634,0.5282701767821113,-16.653278823651497
31700,0.5123152420352209,0.5282701767821113,-1.595493474689036
31740,0.39467330749125784,0.5282701767821113,-13.359686929085345
31820,0.5120185283543196,0.5282701767821113,-1.6251648427791698
31860,0.5540849631420542,0.5282701767821113,2.5814786359942943
31900,0.41582728392196444,0.5282701767821113,-11.244289286014686
31930,0.4117637532571909,0.5282701767821113,-11.65064235249204
31940,0.5119719917233029,0.5282701767821113,-1.6298185058808423
31980,0.41074325791085864,0.5282701767821113,-11.752691887125266
32000,0.3508222344707975,0.5282701767821113,-17.74479423113138
32020,0.4607462244690934,0.5282701767821113,-6.752395231301788
32100,0.5872327170113766,0.5282701767821113,5.896254022926528
32140,0.4724694964713232,0.5282701767821113,-5.580068031078811
32180,0.45660437154776173,0.5282701767821113,-7.166580523434956
32220,0.3337853769531245,0.5282701767821113,-19.448479982898682
32260,0.5476641811070353,0.5282701767821113,1.9394004324923997
32280,0.3168145044935248,0.5282701767821113,-21.145567228858653
32300,0.47609163863621523,0.5282701767821113,-5.217853814589607
32340,0.40423489163336956,0.5282701767821113,-12.403528514874173
32380,0.5879591772053905,0.5282701767821113,5.968900042327919
32460,0.33287477614021876,0.5282701767821113,-19.539540064189254
32500,0.3976037460350319,0.5282701767821113,-13.06664307470794
32540,0.3126791401515957,0.5282701767821113,-21.55910366305156
32580,0.7027350376296315,0.5282701767821113,17.44648608475202
32620,0.500248673089594,0.5282701767821113,-2.8021503692517324
32660,0.3820646228134941,0.5282701767821113,-14.620555396861718
32700,0.3040994936845085,0.5282701767821113,-22.41706830976028
32740,0.42311463233583635,0.5282701767821113,-10.515554444627496
32780,0.487947050196639,0.5282701767821113,-4.032312658547232
32820,0.5647274667037159,0.5282701767821113,3.6457289921604574
32860,0.5507368384154259,0.5282701767821113,2.2466661633314566
32900,0.5436095902816758,0.5282701767821113,1.533941349956447
32940,0.4327330553634885,0.5282701767821113,-9.553712141862281
32980,0.5336689528077249,0.5282701767821113,0.5398776025613561
33020,0.3910849415428384,0.5282701767821113,-13.71852352392729
33060,0.3668858757472756,0.5282701767821113,-16.13843010348357
33100,0.6253985178199204,0.5282701767821113,9.71283410378091
33140,0.5881194707516626,0.5282701767821113,5.984929396955129
33180,0.26591131664739354,0.5282701767821113,-26.235886013471777
33220,0.45181771284230504,0.5282701767821113,-7.645246393980626
33260,0.19880029359207663,0.5282701767821113,-32.94698831900347
33300,0.5848323887711573,0.5282701767821113,5.656221198904598
33340,0.5363367297776929,0.5282701767821113,0.8066552995581566
33420,0.22636434052004253,0.5282701767821113,-30.19058362620688
33460,0.5645096214656369,0.5282701767821113,3.623944468352558
33500,0.37282953521914364,0.5282701767821113,-15.544064156296766
33540,0.6147539839539308,0.5282701767821113,8.648380717181947
33580,0.39816356363836536,0.5282701767821113,-13.010661314374595
33620,0.34705565703239855,0.5282701767821113,-18.121451974971276
33660,0.45476331992527735,0.5282701767821113,-7.350685685683395
33700,0.5114608592137766,0.5282701767821113,-1.6809317568334703
33740,0.37058042289278176,0.5282701767821113,-15.768975388932954
33780,0.5135606675656854,0.5282701767821113,-1.4709509216425887
33860,0.4932274409338424,0.5282701767821113,-3.504273584826889
33940,0.3295847620573147,0.5282701767821113,-19.868541472479663
33980,0.3092678786491344,0.5282701767821113,-21.90022981329769
34020,0.40989409498601154,0.5282701767821113,-11.837608179609976
34060,0.4416631616325221,0.5282701767821113,-8.660701514958918
34100,0.2754821668654721,0.5282701767821113,-25.278800991663918
34140,0.5288380925886773,0.5282701767821113,0.05679158065660106
34180,0.34639626495892173,0.5282701767821113,-18.187391182318958
34220,0.30563145488161325,0.5282701767821113,-22.263872190049806
34260,0.3057247371212706,0.5282701767821113,-22.25454396608407
34300,0.3192546834625323,0.5282701767821113,-20.901549331957902
34340,0.336249799409983,0.5282701767821113,-19.20203773721283
34380,0.5723884526947808,0.5282701767821113,4.411827591266948
34420,0.3230532165366711,0.5282701767821113,-20.521696024544024
34460,0.42177386292194197,0.5282701767821113,-10.649631386016933
34500,0.414038235572183,0.5282701767821113,-11.42319412099283
34540,0.38788323579214234,0.5282701767821113,-14.038694098996896
34580,0.5413271985937211,0.5282701767821113,1.3057021811609837
34620,0.5458590220956967,0.5282701767821113,1.75888453135854
34660,0.3835365904694853,0.5282701767821113,-14.4733586312626
34700,0.5801379347592146,0.5282701767821113,5.186775797710331
34740,0.6193371728303267,0.5282701767821113,9.106699604821545
34780,0.4254791758001837,0.5282701767821113,-10.279100098192762
34820,0.37505382413733246,0.5282701767821113,-15.321635264477884
34860,0.3392536327961919,0.5282701767821113,-18.901654398591937
34900,0.6567531696459348,0.5282701767821113,12.848299286382348
34940,0.3677180788588432,0.5282701767821113,-16.055209792326806
34980,0.43129967564824767,0.5282701767821113,-9.697050113386362
35020,0.5172049463108213,0.5282701767821113,-1.1065230471290044
35060,0.46474246793012275,0.5282701767821113,-6.352770885198855
35100,0.42527718317135704,0.5282701767821113,-10.299299361075425
35140,0.4191847451683027,0.5282701767821113,-10.908543161380862
35220,0.4463174977916513,0.5282701767821113,-8.195267899046
35260,0.4642153202953704,0.5282701767821113,-6.405485648674092
35300,0.6151860254476726,0.5282701767821113,8.691584866556134
35380,0.4861078658441287,0.5282701767821113,-4.216231093798262
35420,0.4826353298031205,0.5282701767821113,-4.563484697899078
35440,0.6126660807153662,0.5282701767821113,8.439590393325492
35460,0.26041651647618086,0.5282701767821113,-26.785366030593043
35500,0.5371443622265653,0.5282701767821113,0.8874185444453953
35580,0.4264331352811698,0.5282701767821113,-10.183704150094153
35620,0.6488792609430525,0.5282701767821113,12.060908416094119
35660,0.49734301557172556,0.5282701767821113,-3.0927161210385745
35700,0.6745511137769791,0.5282701767821113,14.628093699486778
35740,0.26569521825273557,0.5282701767821113,-26.257495852937573
35820,0.29974248912020146,0.5282701767821113,-22.852768766190984
35840,0.46823906759590783,0.5282701767821113,-6.003110918620347
35860,0.4216835824929688,0.5282701767821113,-10.658659428914252
35900,0.2949987393954494,0.5282701767821113,-23.32714373866619
35940,0.4705698951281412,0.5282701767821113,-5.770028165397012
35980,0.5997165534486145,0.5282701767821113,7.144637666650322
36020,0.5272591953769632,0.5282701767821113,-0.10109814051481036
36100,0.4297390977747423,0.5282701767821113,-9.853107900736902
36140,0.4563706313034248,0.5282701767821113,-7.189954547868648
36220,0.25547887543591563,0.5282701767821113,-27.279130134619567
36260,0.25086255596269313,0.5282701767821113,-27.740762081941817
36300,0.5840796560908632,0.5282701767821113,5.58094793087519
36340,0.3837707550185521,0.5282701767821113,-14.449942176355918
36380,0.400872184428963,0.5282701767821113,-12.73979923531483
36420,0.3685060861759485,0.5282701767821113,-15.97640906061628
36460,0.439469288673626,0.5282701767821113,-8.88008881084853
36500,0.6055377920721003,0.5282701767821113,7.726761528998905
36540,0.467957121639758,0.5282701767821113,-6.03130551423533
36580,0.5220361179356066,0.5282701767821113,-0.6234058846504742
36620,0.28552311168902517,0.5282701767821113,-24.274706509308615
36660,0.4807777208511175,0.5282701767821113,-4.749245593099383
36700,0.7055359458027239,0.5282701767821113,17.726576902061264
36740,0.5416475263286622,0.5282701767821113,1.3377349546550898
36780,0.5391712274024958,0.5282701767821113,1.090105062038449
36820,0.4055073694905542,0.5282701767821113,-12.276280729155708
36830,0.32599438140347886,0.5282701767821113,-20.227579537863242
36840,0.36551068774087014,0.5282701767821113,-16.275948904124114
36860,0.5248807557413102,0.5282701767821113,-0.33894210408010883
36900,0.5399826676430023,0.5282701767821113,1.171249086089099
36940,0.470137893466941,0.5282701767821113,-5.813228331517029
36980,0.4242623918124074,0.5282701767821113,-10.400778496970393
37020,0.5312444654729712,0.5282701767821113,0.29742886908599164
37060,0.42987307665349594,0.5282701767821113,-9.839710012861536
37080,0.5280576530867827,0.5282701767821113,-0.0212523695328648
37100,0.5493083998849357,0.5282701767821113,2.103822310282444
37120,0.2812429722957269,0.5282701767821113,-24.702720448638438
37140,0.3499813812712692,0.5282701767821113,-17.82887955108421
37220,0.4026714857341668,0.5282701767821113,-12.559869104794451
37260,0.38954015303681466,0.5282701767821113,-13.873002374529664
37300,0.2587843972718562,0.5282701767821113,-26.94857795102551
37340,0.441577018817428,0.5282701767821113,-8.66931579646833
37420,0.13182031900523297,0.5282701767821113,-39.644985777687836
37460,0.2875159889872911,0.5282701767821113,-24.07541877948202
37500,0.32608007493699687,0.5282701767821113,-20.219010184511443
37540,0.3663301692698563,0.5282701767821113,-16.194000751225502
37580,0.2669980175468217,0.5282701767821113,-26.12721592352896
37620,0.3445160718522712,0.5282701767821113,-18.375410492984013
37660,0.4154456817816735,0.5282701767821113,-11.282449500043779
37740,0.3612979885334777,0.5282701767821113,-16.69721882486336
37780,0.5542581715249251,0.5282701767821113,2.598799474281377
37800,0.43901931192046567,0.5282701767821113,-8.925086486164563
37860,0.34780585114644436,0.5282701767821113,-18.046432563566693
37900,0.4783698191615492,0.5282701767821113,-4.990035762056211
37940,0.3707869247288783,0.5282701767821113,-15.7483252053233
37980,0.6525243865307127,0.5282701767821113,12.425420974860135
38060,0.4442073467482255,0.5282701767821113,-8.406283003388582
38100,0.19690505253872687,0.5282701767821113,-33.13651242433844
38180,0.3423888379845853,0.5282701767821113,-18.5881338797526
38220,0.579490009553556,0.5282701767821113,5.121983277144471
38240,0.3754945678780619,0.5282701767821113,-15.27756089040494
38260,0.48836551163916675,0.5282701767821113,-3.990466514294455
38300,0.5036362586793186,0.5282701767821113,-2.4633918102792696
38340,0.7716232464854933,0.5282701767821113,24.3353069703382
38380,0.265479338817973,0.5282701767821113,-26.279083796413833
38420,0.5956350556718573,0.5282701767821113,6.736487888974596
38460,0.6234358302261804,0.5282701767821113,9.516565344406914
38500,0.39198634188216175,0.5282701767821113,-13.628383489994956
38540,0.40963828258950136,0.5282701767821113,-11.863189419260994
38580,0.389156969458916,0.5282701767821113,-13.911320732319531
38620,0.2895881888481602,0.5282701767821113,-23.868198793395113
38700,0.3711074164664616,0.5282701767821113,-15.716276031564968
38740,0.28657657877468445,0.5282701767821113,-24.169359800742683
38780,0.3237537726549271,0.5282701767821113,-20.45164041271842
38820,0.5094010906490445,0.5282701767821113,-1.8869086133066815
38840,0.5268129295391222,0.5282701767821113,-0.14572472429891237
38860,0.6217388840701764,0.5282701767821113,9.346870728806511
38900,0.6314639074862772,0.5282701767821113,10.319373070416592
38920,0.3834914220033266,0.5282701767821113,-14.477875477878472
38940,0.49454854260200565,0.5282701767821113,-3.3721634180105653
39020,0.48040929694283796,0.5282701767821113,-4.7860879839273345
39060,0.4439621249444279,0.5282701767821113,-8.430805183768342
39140,0.3604258369504278,0.5282701767821113,-16.784433983168352
39220,0.3838421300748212,0.5282701767821113,-14.442804670729009
39260,0.33840828143713747,0.5282701767821113,-18.986189534497385
39300,0.6306991878593993,0.5282701767821113,10.242901107728796
39340,0.14740495442529894,0.5282701767821113,-38.08652223568124
39380,0.5737678165153457,0.5282701767821113,4.54976397332344
39420,0.5069596813894153,0.5282701767821113,-2.1310495392696027
39460,0.44565230930798067,0.5282701767821113,-8.261786747413064
39500,0.3579513679144592,0.5282701767821113,-17.03188088676521
39540,0.5276965725319527,0.5282701767821113,-0.05736042501586214
39580,0.5362335011770614,0.5282701767821113,0.7963324394950066
39660,0.3550103786158706,0.5282701767821113,-17.32597981662407
39700,0.7092113868713641,0.5282701767821113,18.094121008925278
39740,0.5207587796310819,0.5282701767821113,-0.7511397151029442
39780,0.3669585353786283,0.5282701767821113,-16.131164140348297
39820,0.3586935723492598,0.5282701767821113,-16.95766044328515
39860,0.4887982948022489,0.5282701767821113,-3.94718819798624
39900,0.5404517786926548,0.5282701767821113,1.2181601910543516
39940,0.11372873342324459,0.5282701767821113,-41.454144335886674
39980,0.45276169417989615,0.5282701767821113,-7.550848260221516
40060,0.4824547420015103,0.5282701767821113,-4.581543478060102
40080,0.34303797047516826,0.5282701767821113,-18.523220630694304
40100,0.8581005488626977,0.5282701767821113,32.98303720805864
40140,0.5218967185040904,0.5282701767821113,-0.6373458278020938
40180,0.33842890945205123,0.5282701767821113,-18.984126733006008
40220,0.37027116595417,0.5282701767821113,-15.799901082794133
40260,0.6554459029060796,0.5282701767821113,12.717572612396832
40300,0.4380258264641371,0.5282701767821113,-9.024435031797417
40340,0.5087711331257219,0.5282701767821113,-1.9499043656389436
40380,0.5538719682836409,0.5282701767821113,2.5601791501529636
40420,0.5390710816680133,0.5282701767821113,1.0800904885902018
40460,0.5112093868517614,0.5282701767821113,-1.7060789930349873
40540,0.3260274035954185,0.5282701767821113,-20.22427731866928
40580,0.5627631944104223,0.5282701767821113,3.449301762831103
40620,0.3574103196371624,0.5282701767821113,-17.08598571449489
40660,0.3069328499747841,0.5282701767821113,-22.13373268073272
40700,0.3770450320927324,0.5282701767821113,-15.122514468937892
40740,0.3552738490959234,0.5282701767821113,-17.29963276861879
40760,0.3505754566649354,0.5282701767821113,-17.76947201171759
40780,0.2796516744440837,0.5282701767821113,-24.861850233802762
40820,0.4313167412095933,0.5282701767821113,-9.695343557251801
40860,0.6187772290973601,0.5282701767821113,9.05070523152488
40900,0.5519676175708692,0.5282701767821113,2.3697440788757906
40940,0.30139832406278916,0.5282701767821113,-22.687185271932215
40980,0.5740492625347917,0.5282701767821113,4.577908575268042
41060,0.44894441579319755,0.5282701767821113,-7.932576098891375
41100,0.19104892099755688,0.5282701767821113,-33.72212557845544
41140,0.4339792776509759,0.5282701767821113,-9.4290899131135415
41180,0.5584073925236507,0.5282701767821113,3.013721574153938
41220,0.3707645836368102,0.5282701767821113,-15.750559314530111
41260,0.4704297144797705,0.5282701767821113,-5.78404623023408
41400,0.4503784997437713,0.5282701767821113,-7.789167703833999
41420,0.4952680327714191,0.5282701767821113,-3.3002144010692183
41460,0.33522417913021296,0.5282701767821113,-19.304599765189835
41500,0.692165750266298,0.5282701767821113,16.38955734841867
41540,0.45030088025285403,0.5282701767821113,-7.796929652925727
41620,0.44050168911393295,0.5282701767821113,-8.776848766817835
41660,0.2712164658534433,0.5282701767821113,-25.705371092866802
41700,0.46718173340248603,0.5282701767821113,-6.108844337962527
41740,0.5453759389827249,0.5282701767821113,1.710576220061355
41760,0.3883783904774162,0.5282701767821113,-13.989178630469512
41780,0.566450679879138,0.5282701767821113,3.8180503097026697
41820,0.4542780949658505,0.5282701767821113,-7.399208181626083
41860,0.7773491079746663,0.5282701767821113,24.907893119255498
41940,0.711607405434415,0.5282701767821113,18.333722865230374
42020,0.5164381240676292,0.5282701767821113,-1.1832052714482066
42100,0.7935137454280283,0.5282701767821113,26.524356864591702
42140,0.7725002933398835,0.5282701767821113,24.423011655777216
42200,0.6049512113526119,0.5282701767821113,7.668103457050057
42220,0.7457226505213839,0.5282701767821113,21.745247373927256
42300,0.4795879436838164,0.5282701767821113,-4.868223309829489
42340,0.49415022776576467,0.5282701767821113,-3.411994901634663
42380,0.39037150018220634,0.5282701767821113,-13.789867659990495
42420,0.3064265628865831,0.5282701767821113,-22.18436138955282
42460,0.299465234784223,0.5282701767821113,-22.88049419978883
42540,0.5716009683017265,0.5282701767821113,4.333079151961517
42620,0.24030701921327974,0.5282701767821113,-28.796315756883157
42660,0.6803603685327528,0.5282701767821113,15.209019175064153
42680,0.40632437542094485,0.5282701767821113,-12.194580136116645
42700,0.3963757268412683,0.5282701767821113,-13.189444994084297
42740,0.36937282490775664,0.5282701767821113,-15.889735187435466
42780,0.3348632298160438,0.5282701767821113,-19.340694696606754
42820,0.6860301170204537,0.5282701767821113,15.775994023834238
42860,0.29643014641243676,0.5282701767821113,-23.184003036967454
42900,0.5298424240061133,0.5282701767821113,0.15722472240019547
42940,0.23935957512443534,0.5282701767821113,-28.891060165767595
42980,0.39483445358576574,0.5282701767821113,-13.343572319634555
43020,0.5093015646746155,0.5282701767821113,-1.8968612107495786
43060,0.3074536539542042,0.5282701767821113,-22.08165228279071
43100,0.4735228757464228,0.5282701767821113,-5.474730103568848
43140,0.3989123878206909,0.5282701767821113,-12.935778896142041
43180,0.31269079254516147,0.5282701767821113,-21.557938423694985
43220,0.5403444509594271,0.5282701767821113,1.207427417731577
43260,0.2825905951309004,0.5282701767821113,-24.56795816512109
43300,0.2825476857267144,0.5282701767821113,-24.57224910553969
43320,0.4504656483566666,0.5282701767821113,-7.780452842544472
43340,0.43829885526812745,0.5282701767821113,-8.997132151398384
43380,0.292444677581948,0.5282701767821113,-23.582549920016334
43420,0.3904650278358718,0.5282701767821113,-13.780514894623952
43460,0.32852054912083234,0.5282701767821113,-19.974962766127895
43500,0.5852718611460879,0.5282701767821113,5.700168436397657
43580,0.4572059909744616,0.5282701767821113,-7.106418580764973
43620,0.4586408916631987,0.5282701767821113,-6.962928511891259
43660,0.18331489439698084,0.5282701767821113,-34.495528238513046
43700,0.20666157507148147,0.5282701767821113,-32.160860171062986
43740,0.32746504615138705,0.5282701767821113,-20.080513063072424
43760,0.42677670693294234,0.5282701767821113,-10.149346984916896
43780,0.539239552193274,0.5282701767821113,1.0969375411162718
43900,0.3936840597954567,0.5282701767821113,-13.458611698665463
43940,0.3910512606524539,0.5282701767821113,-13.721891612965742
43980,0.4400519370033473,0.5282701767821113,-8.821823977876397
44020,0.4408895994118105,0.5282701767821113,-8.738057737030081
44060,0.4706726020702716,0.5282701767821113,-5.759757471183969
44100,0.48277285437583006,0.5282701767821113,-4.549732240628124
44140,0.6579092254162442,0.5282701767821113,12.963904863413289
44180,0.363517004879058,0.5282701767821113,-16.475317190305326
44220,0.4915601831594705,0.5282701767821113,-3.6709993622640824
44260,0.5047567454914561,0.5282701767821113,-2.3513431290655196
44300,0.5305248216190768,0.5282701767821113,0.22546448369654692
44340,0.403539028027289,0.5282701767821113,-12.473114875482228
44420,0.3640110333443355,0.5282701767821113,-16.42591434377758
44460,0.6081117229145625,0.5282701767821113,7.984154613245121
44500,0.1924674069072828,0.5282701767821113,-33.58027698748285
44540,0.3133410835835169,0.5282701767821113,-21.49290931985944
44580,0.587945465784514,0.5282701767821113,5.967528900240271
44620,0.6065194639149842,0.5282701767821113,7.824928713287294
44660,0.3616450083885333,0.5282701767821113,-16.6625168393578
44700,0.5622286135038306,0.5282701767821113,3.3958436721719276
44740,0.46967484757129374,0.5282701767821113,-5.859532921081756
44780,0.4633757883650127,0.5282701767821113,-6.489438841709861
44860,0.2476637558618348,0.5282701767821113,-28.06064209202765
44900,0.3041496863625448,0.5282701767821113,-22.41204904195665
44920,0.5270865461183376,0.5282701767821113,-0.11836306637736937
44940,0.5832678650905343,0.5282701767821113,5.499768830842299
44980,0.41539922942731866,0.5282701767821113,-11.287094735479265
45000,0.30948609317631537,0.5282701767821113,-21.87840836057959
45020,0.28708888595579485,0.5282701767821113,-24.118129082631647
45060,0.5826290379078445,0.5282701767821113,5.435886112573318
45140,0.43433214578887724,0.5282701767821113,-9.393803099323407
45180,0.41327602627949184,0.5282701767821113,-11.499415050261947
45220,0.6066928921789655,0.5282701767821113,7.842271539685419
45300,0.5205950034484571,0.5282701767821113,-0.7675173333654195
45340,0.8212923930489797,0.5282701767821113,29.30222162668684
45380,0.4249167318747322,0.5282701767821113,-10.335344490737908
45460,0.5021016559103142,0.5282701767821113,-2.6168520871797107
45500,0.3067077665924907,0.5282701767821113,-22.15624101896206
45520,0.5178040459060143,0.5282701767821113,-1.0466130876097046
45540,0.34417185389526017,0.5282701767821113,-18.409832288685113
45580,0.35578198703410446,0.5282701767821113,-17.248818974800685
45620,0.4136565946163298,0.5282701767821113,-11.46135821657815
45660,0.4739519524403245,0.5282701767821113,-5.431822434178679
45700,0.33574596288446384,0.5282701767821113,-19.252421389764745
45740,0.2440559965585199,0.5282701767821113,-28.42141802235914
45780,0.6174598315846052,0.5282701767821113,8.918965480249385
45820,0.46382237106275004,0.5282701767821113,-6.444780571936127
45860,0.5033349650717579,0.5282701767821113,-2.49352117103534
45900,0.4697977127755368,0.5282701767821113,-5.847246400657452
45940,0.6851680309863475,0.5282701767821113,15.689785420423618
45980,0.42730028462200853,0.5282701767821113,-10.096989216010277
46020,0.5119789620631305,0.5282701767821113,-1.6291214718980762
46060,0.5329395453629613,0.5282701767821113,0.46693685808499863
46100,0.3432069902081935,0.5282701767821113,-18.50631865739178
46140,0.34725613843186265,0.5282701767821113,-18.101403835024865
46180,0.30098481238887076,0.5282701767821113,-22.728536439324053
46220,0.43805788903286436,0.5282701767821113,-9.021228774924694
46300,0.28824532716172335,0.5282701767821113,-24.002484962038796
46340,0.2864947060567452,0.5282701767821113,-24.17754707253661
46380,0.7140002559102614,0.5282701767821113,18.573007912815008
46460,0.3227831724697773,0.5282701767821113,-20.548700431233403
46500,0.39401844068617814,0.5282701767821113,-13.425173609593315
46520,0.7031723448031241,0.5282701767821113,17.490216802101276
46540,0.4688306370707237,0.5282701767821113,-5.94395397113876
46620,0.46562339075091935,0.5282701767821113,-6.2646786031191946
46660,0.4404604250531306,0.5282701767821113,-8.78097517289807
46700,0.6478676907260408,0.5282701767821113,11.959751394392947
46740,0.46565623866045536,0.5282701767821113,-6.261393812165594
46780,0.32844109844117586,0.5282701767821113,-19.982907834093545
46820,0.6015189222431211,0.5282701767821113,7.324874546100979
46860,0.1174751500484813,0.5282701767821113,-41.079502673363
46900,0.2571432153205921,0.5282701767821113,-27.112696146151922
46980,0.572726137391808,0.5282701767821113,4.44559606096967
47020,0.32295040119611595,0.5282701767821113,-20.531977558599536
47080,0.30049810188264914,0.5282701767821113,-22.777207489946218
47180,0.4096413571016143,0.5282701767821113,-11.862881968049699
47220,0.6160299131404017,0.5282701767821113,8.775973635829038
47240,0.7524666359107757,0.5282701767821113,22.419645912866436
47260,0.5564785205758896,0.5282701767821113,2.8208343793778345
47300,0.4224906550081183,0.5282701767821113,-10.577952177399302
47340,0.3566576360382925,0.5282701767821113,-17.161254074381883
47380,0.36597296489550957,0.5282701767821113,-16.22972118866017
47420,0.44631546500097563,0.5282701767821113,-8.195471178113568
47460,0.39907028486607565,0.5282701767821113,-12.919989191603564
47540,0.27227745560530037,0.5282701767821113,-25.599272117681092
47580,0.41593030883340587,0.5282701767821113,-11.233986794870543
47620,0.4399246094534489,0.5282701767821113,-8.83455673286624
47660,0.4064469839457074,0.5282701767821113,-12.18231928364039
47700,0.27198401591949356,0.5282701767821113,-25.628616086261776
47780,0.2819096838669854,0.5282701767821113,-24.63604929151259
47820,0.4077923270873952,0.5282701767821113,-12.047784969471609
47900,0.6863969771733724,0.5282701767821113,15.812680039126114
47920,0.3867620864176792,0.5282701767821113,-14.150809036443214
47940,0.5796463978709843,0.5282701767821113,5.137622108887296
47980,0.4370255026951493,0.5282701767821113,-9.124467408696201
48020,0.48284120007586206,0.5282701767821113,-4.5428976706249236
48060,0.4793614340572778,0.5282701767821113,-4.890874272483348
48100,0.3471678695821431,0.5282701767821113,-18.11023071999682
48140,0.5071496420126399,0.5282701767821113,-2.11205347694714
48180,0.27323944729094074,0.5282701767821113,-25.503072949117055
48220,0.2469383117428593,0.5282701767821113,-28.133186503925202
48260,0.46572150370849175,0.5282701767821113,-6.254867307361955
48300,0.41005128786551626,0.5282701767821113,-11.821888891659505
48460,0.3094209980071093,0.5282701767821113,-21.8849178775002
48500,0.602449670013469,0.5282701767821113,7.417949323135775
48540,0.4465946298583161,0.5282701767821113,-8.16755469237952
48580,0.4621206363043969,0.5282701767821113,-6.6149540477714375
48620,0.3994327913998602,0.5282701767821113,-12.88373853822511
48660,0.26123232992200396,0.5282701767821113,-26.703784686010735
48700,0.35461873772367286,0.5282701767821113,-17.365143905843844
48780,0.2806765939540984,0.5282701767821113,-24.75935828280129
48820,0.46903321791726443,0.5282701767821113,-5.923695886484687
48900,0.4704278885823591,0.5282701767821113,-5.784228819975218
48940,0.3355477505875077,0.5282701767821113,-19.27224261946036
48980,0.5341807359764363,0.5282701767821113,0.5910559194325038
49020,0.39472026721975406,0.5282701767821113,-13.354990956235724
49080,0.33027448622106437,0.5282701767821113,-19.799569056104694
49100,0.5819362096714293,0.5282701767821113,5.366603288931804
49180,0.43940788349606896,0.5282701767821113,-8.886229328604234
49220,0.5261538220742419,0.5282701767821113,-0.21163547078694167
49260,0.16708857774998848,0.5282701767821113,-36.11815990321228
49300,0.41048414048607584,0.5282701767821113,-11.778603629603545
49340,0.5607429615597594,0.5282701767821113,3.2472784777648145
49380,0.4728751745360948,0.5282701767821113,-5.539500224601651
49420,0.44319325267275017,0.5282701767821113,-8.507692410936112
49460,0.46227689147650763,0.5282701767821113,-6.599328530560367
49620,0.411834187751839,0.5282701767821113,-11.64359890302723
49660,0.6031741948762088,0.5282701767821113,7.490401809409752
49700,0.41125142703923045,0.5282701767821113,-11.701874974288085
49740,0.43316786973638793,0.5282701767821113,-9.510230704572336
49780,0.46598868077613714,0.5282701767821113,-6.2281496005974155
49820,0.6977646632230535,0.5282701767821113,16.949448644094222
Internet Release Date: April 2016,0.6189208052465827,0.5282701767821113,9.065062846447136
Note: The 2010 OMB Standards for Delineating Metropolitan and Micropolitan Statistical Areas are at <http://www.whitehouse.gov/sites/default/files/omb/assets/fedreg_2010/06282010_metro_standards-Complete.pdf>.,0.6189208052465827,0.5282701767821113,9.065062846447136
"Source: File prepared by U.S. Census Bureau, Population Division, based on Office of Management and Budget, July 2015 delineations <https://www.whitehouse.gov/sites/default/files/omb/bulletins/2015/15-01.pdf>.",0.6189208052465827,0.5282701767821113,9.065062846447136
