msa.fips,msa.name,pop,pop.growth,surface.water,dem.share,dem.share.natl,pvi,city,area,pop.dens,pop.dens.growth
10420,"Akron, OH Metro Area",704835,6.093952109505565e-4,0.7099612812390004,0.5730477221029119,0.5282701767821113,4.477754532080058,AkronOH,900.1291693243367,2412.8114023617745,-0.01061156623432254
10580,"Albany-Schenectady-Troy, NY Metro Area",880091,0.002563688700233268,0.7858637014202355,0.5778402922797752,0.5282701767821113,4.9570115497663885,AlbanyNY,2811.5544905999564,2944.903154901712,0.002974539410334146
10740,"Albuquerque, NM Metro Area",904720,0.004206369485909091,0.33798113050012524,0.5809747748351275,0.5282701767821113,5.27045980530162,AlbuquerqueNM,9282.498406170222,3518.603178562292,0.006106308129643119
10900,"Allentown-Bethlehem-Easton, PA-NJ Metro Area",829731,0.002292544372285212,0.4913576805129635,0.5300078251484828,0.5282701767821113,0.17376483663714692,AllentownPA,1453.2150203012523,3889.2804252132005,0.006525010721368815
11100,"Amarillo, TX Metro Area",260987,0.008042164153243091,0,0.20599343397880604,0.5282701767821113,-32.227674280330525,AmarilloTX,3649.2428876118347,2591.389023655661,-0.005707229476910598
11260,"Anchorage, AK Metro Area",398642,0.00989886384296384,0.6877816725087632,0.39748510622024147,0.5282701767821113,-13.078507056186982,AnchorageAK,26312.581047093656,3006.8601472505457,0.002573250124617347
11460,"Ann Arbor, MI Metro Area",357029,0.008160509990022836,0.7633507853403141,0.6947393929341111,0.5282701767821113,16.646921615199982,AnnArborMI,705.9654508051775,3363.47095939395,-0.0069726197369022426
11540,"Appleton, WI Metro Area",231483,0.006054813936839312,0.4771573604060914,0.5141175304947879,0.5282701767821113,-1.4152646287323378,AppletonWI,955.7593031319064,1950.0305860789842,-0.01006299019208937
11700,"Asheville, NC Metro Area",441782,0.009410227602823158,0.9524940617577198,0.50109855538118,0.5282701767821113,-2.7171621400931323,AshevilleNC,2033.0014664160606,728.7341005500658,0.009568180762853862
12060,"Atlanta-Sandy Springs-Roswell, GA Metro Area",5615364,0.014272696636814252,0.985283641026685,0.5099030942662796,0.5282701767821113,-1.8367082515831745,AtlantaGA,8338.541068143944,2172.951418739709,-0.0018376744344342228
12100,"Atlantic City-Hammonton, NJ Metro Area",275499,6.705924858240734e-4,0.08525149190110827,0.5806079986757293,0.5282701767821113,5.233782189361802,AtlanticCityNJ,555.704450754212,3412.3113044090483,-0.005382121252460133
12260,"Augusta-Richmond County, GA-SC Metro Area",583338,0.007292417412137161,0.7423305989437015,0.4599298555061536,0.5282701767821113,-6.834032127595768,AugustaGA,3270.284393595646,1098.6405361805207,-0.0053194928968536
12420,"Austin-Round Rock, TX Metro Area",1943465,0.029430917950214172,0.8639403620873269,0.5543918882597099,0.5282701767821113,2.6121711477598564,AustinTX,4219.890359723674,3131.4547785143986,-0.003999222510074252
12540,"Bakersfield, CA Metro Area",874190,0.009473868159156854,0.25747787610619466,0.4117811130195068,0.5282701767821113,-11.648906376260449,BakersfieldCA,8131.9160930475355,3711.519100406368,0.0021872222506838894
12580,"Baltimore-Columbia-Towson, MD Metro Area",2786853,0.006478610086656627,0.8360286368426791,0.5889995322199283,0.5282701767821113,6.072935543781699,BaltimoreMD,2601.479729249711,5435.7233605025185,-0.008042083833340707
12940,"Baton Rouge, LA Metro Area",825499,0.006501132067615419,0.021642717757672517,0.4325645192145472,0.5282701767821113,-9.57056575675641,BatonRougeLA,4026.9164999992277,1603.2675546419616,-0.0022759915647022613
13140,"Beaumont-Port Arthur, TX Metro Area",405644,0.0012003556782153035,0.6878798712906684,0.39890869581441657,0.5282701767821113,-12.936148096769474,BeaumontTX,2100.531119449202,1711.191138556122,-0.003896863665563311
13780,"Binghamton, NY Metro Area",247446,-0.004018911887636732,0.2724696356275304,0.5136624195114379,0.5282701767821113,-1.4607757270673427,BinghamtonNY,1224.36779629867,2226.072726700567,0.003883859464076372
14260,"Boise City, ID Metro Area",664707,0.01820638066628674,0.1551052221356196,0.40940034932554037,0.5282701767821113,-11.886982745657093,BoiseID,11765.593790782043,2310.233092479575,-0.002700969478908742
14460,"Boston-Cambridge-Newton, MA-NH Metro Area",4739385,0.009349764159780545,0.5972075773551977,0.6188559781225078,0.5282701767821113,9.058580134039651,BostonMA,3487.409394174799,7980.114991589604,8.540636242510078e-4
14500,"Boulder, CO Metro Area",313864,0.014661903789233335,0.9975420916799803,0.7244533071454666,0.5282701767821113,19.618313036335532,BoulderCO,726.2892488304965,3650.001085746197,-0.0012723110334249093
14740,"Bremerton-Silverdale, WA Metro Area",254525,0.0027674466003534946,0.31307456588355465,0.5614619365822462,0.5282701767821113,3.319175980013489,BremertonWA,394.9412707703665,1835.8990325548612,-0.006201757266719619
14860,"Bridgeport-Stamford-Norwalk, CT Metro Area",945816,0.006988169127663582,0.5990227864286041,0.5726130713698606,0.5282701767821113,4.4342894587749315,BridgeportCT,624.8895504535157,5122.3747201124725,0.003966346861548502
15180,"Brownsville-Harlingen, TX Metro Area",420400,0.00771413791527951,0.9423526909168262,0.6510136735556584,0.5282701767821113,12.274349677354712,BrownsvilleTX,890.9223309142745,2842.9103872975224,-0.008803348042021994
15380,"Buffalo-Cheektowaga-Niagara Falls, NY Metro Area",1136642,2.367741158446335e-4,0.9933292595987371,0.571696987985762,0.5282701767821113,4.342681120365066,BuffaloNY,1565.0524431001224,4129.4426121393135,-0.010824531586403677
15940,"Canton-Massillon, OH Metro Area",403847,-2.716137338670769e-4,0.11750920656176767,0.5109265832006211,0.5282701767821113,-1.734359358149018,CantonOH,969.8794002134373,1919.9411400873357,-0.010292524424662646
15980,"Cape Coral-Fort Myers, FL Metro Area",679233,0.022596761440230508,0.04844802102151421,0.43227815804097663,0.5282701767821113,-9.599201874113467,CapeCoralFL,784.5129973575167,1911.3425061349092,-0.005985341012472443
16300,"Cedar Rapids, IA Metro Area",263974,0.005326753106152942,0,0.5869254976347806,0.5282701767821113,5.865532085266933,CedarRapidsIA,2008.7657039337635,1661.3490196441035,-0.012076189668926185
16580,"Champaign-Urbana, IL Metro Area",237579,0.005628402169320622,0,0.5317898553002942,0.5282701767821113,0.35196785181829116,ChampaignIL,1921.0835424720115,4405.213037423186,0.008557537902895268
16620,"Charleston, WV Metro Area",222824,-0.004526283305946882,0.999407758365413,0.46349131274059474,0.5282701767821113,-6.477886404151656,CharlestonWV,2527.7405482187564,1033.6905738658622,-0.006173697327790738
16700,"Charleston-North Charleston, SC Metro Area",726969,0.021337609471727248,0.9474609194339099,0.4831186607110536,0.5282701767821113,-4.515151607105771,CharlestonSC,2588.1782792043823,1925.9778728740448,-0.0016940774680798023
16740,"Charlotte-Concord-Gastonia, NC-SC Metro Area",2379177,0.016898686516156086,0.9625476180285066,0.4830820115371699,0.5282701767821113,-4.51881652449414,CharlotteNC,3085.185207035708,1881.2644871696737,0.007916010454068093
16820,"Charlottesville, VA Metro Area",226860,0.00870805641506607,0.9717514124293787,0.5810513884171228,0.5282701767821113,5.278121163501148,CharlottesvilleVA,1644.0436530980066,2050.7209815721453,0.0035408577288161534
16860,"Chattanooga, TN-GA Metro Area",544197,0.006976772308296538,0.7985895290461392,0.38113263012507853,0.5282701767821113,-14.713754665703277,ChattanoogaTN,2088.9682245632025,1126.836712846521,0.0028315705268983716
16980,"Chicago-Naperville-Elgin, IL-IN-WI Metro Area",9557294,0.002258110263920504,0.8703783839922454,0.6636285246049758,0.5282701767821113,13.535834782286448,ChicagoIL,7196.805145429245,8613.39479997791,-0.013208357387644462
17020,"Chico, CA Metro Area",224033,0.004567591750079018,0.33473389355742295,0.5008331329737611,0.5282701767821113,-2.7437043808350214,ChicoCA,1636.464430723231,2144.693084537728,9.589405101745332e-4
17140,"Cincinnati, OH-KY-IN Metro Area",2148450,0.003584772622136042,0.5960661017599018,0.42612422570677555,0.5282701767821113,-10.214595107533576,CincinnatiOH,4391.8844500437835,2563.6414076982796,-0.011105679830715306
17300,"Clarksville, TN-KY Metro Area",277894,0.015018831898491883,0.9032949370479507,0.4267283796920808,0.5282701767821113,-10.154179709003053,ClarksvilleTN,2157.443606302423,1151.7541762999676,0.0014629162735956868
17460,"Cleveland-Elyria, OH Metro Area",2064079,-0.001398883772817255,0.9859924725904107,0.6253682520356707,0.5282701767821113,9.70980752535594,ClevelandOH,1997.3066886796387,3808.389841771486,-0.01848702361846345
17780,"College Station-Bryan, TX Metro Area",242919,0.014235669729623158,0.002994908655286014,0.3380794864454001,0.5282701767821113,-19.019069033671123,CollegeStationTX,2100.154879482067,2804.2475219793596,0.0052529933684217255
17820,"Colorado Springs, CO Metro Area",686252,0.013427406466215087,0.8373405299313051,0.3975049450313428,0.5282701767821113,-13.076523175076849,ColoradoSpringsCO,2683.8567850507416,3092.478442303516,-0.001546181567774787
17900,"Columbia, SC Metro Area",800011,0.009658760686751781,0.9437704399198228,0.5065573762479145,0.5282701767821113,-2.1712800534196774,ColumbiaSC,3702.749811968241,1427.9709287113822,0.0010085453408598863
17980,"Columbus, GA-AL Metro Area",314342,0.014608586681885567,0.9447875725247987,0.543122014316936,0.5282701767821113,1.4851837534824663,ColumbusGA,1936.133712974732,1680.8458454736913,-0.010093987088472343
18140,"Columbus, OH Metro Area",1997308,0.011640792472122906,0.8080361257027003,0.5320751536506154,0.5282701767821113,0.38049768685041174,ColumbusOH,3967.2013696588556,3185.9723292442386,-0.006982445372207663
18580,"Corpus Christi, TX Metro Area",448351,0.011615055396122318,0.9750985309924758,0.4545873004965887,0.5282701767821113,-7.368287628552261,CorpusChristiTX,1784.0067764792732,3204.0482761745534,0.0017347933824850789
18880,"Crestview-Fort Walton Beach-Destin, FL Metro Area",257209,0.02150899818333561,0,0.259689382578292,0.5282701767821113,-26.85807942038193,CrestviewFL,930.2470814536592,1952.0208742398597,-0.003909462700377715
19100,"Dallas-Fort Worth-Arlington, TX Metro Area",6958092,0.018854994701837807,0.9650710142413907,0.43557105657759376,0.5282701767821113,-9.269912020451754,DallasTX,8927.502144025379,3909.2824221037527,-0.00941485648926024
19340,"Davenport-Moline-Rock Island, IA-IL Metro Area",383995,0.0024593547727465113,0.7805695142378559,0.5812980933265326,0.5282701767821113,5.30279165444213,DavenportIA,2269.9126690934477,2218.582773093313,-0.0038654297381281962
19380,"Dayton, OH Metro Area",801145,2.6288711141012283e-4,0.015161823306443774,0.4771132820401748,0.5282701767821113,-5.115689474193652,DaytonOH,1705.9826501126647,2243.37045145074,-0.013424187255001056
19660,"Deltona-Daytona Beach-Ormond Beach, FL Metro Area",610290,0.008161573701445154,0,0.506838480047186,0.5282701767821113,-2.1431696734925287,DeltonaFL,1101.031622540336,1871.2830236018303,-0.006281705692635002
19740,"Denver-Aurora-Lakewood, CO Metro Area",2755856,0.01897102983805851,0.8482436018531012,0.5773249660191875,0.5282701767821113,4.9054789237076175,DenverCO,8346.05937826739,4803.694859469225,-0.0055250210006341895
19780,"Des Moines-West Des Moines, IA Metro Area",612156,0.016970344486558438,0.5740413925878388,0.5466367587742735,0.5282701767821113,1.8366581992162234,DesMoinesIA,2883.695071174075,2375.0015474538873,-0.008138033859919368
19820,"Detroit-Warren-Dearborn, MI Metro Area",4301480,5.930571370945995e-4,0.951560442350104,0.6151950466364025,0.5282701767821113,8.692486985429115,DetroitMI,3888.4047980145083,3800.373281545559,-0.01765569097767334
20260,"Duluth, MN-WI Metro Area",279983,2.117096078311294e-4,0.8480170348682459,0.6571528156942915,0.5282701767821113,12.88826389121802,DuluthMN,8412.918402324643,1377.101210264466,-0.003677071106766585
20500,"Durham-Chapel Hill, NC Metro Area",543217,0.016696331880842935,0.987612989621694,0.7015326976615939,0.5282701767821113,17.32625208794826,DurhamNC,1758.440044895961,1860.3715763005184,9.177780764592448e-5
21340,"El Paso, TX Metro Area",838756,0.009617446856900653,0.45351473922902497,0.6629707895303892,0.5282701767821113,13.470061274827794,ElPasoTX,1012.693072323115,4318.344109571383,-0.0045872117264460785
21500,"Erie, PA Metro Area",278936,-0.0016419276114522968,0.8824446523230434,0.5909946774175681,0.5282701767821113,6.272450063545676,EriePA,799.1540829532801,3298.457383624175,-0.003115671773185699
21660,"Eugene, OR Metro Area",358506,0.004602704069373192,0.6762075134168157,0.6313226030307987,0.5282701767821113,10.305242624868738,EugeneOR,4553.119293989007,2787.073625661687,0.008549199863969372
21780,"Evansville, IN-KY Metro Area",315137,0.002647746910754748,0.913735741444867,0.45749669717954544,0.5282701767821113,-7.077347960256586,EvansvilleIN,2283.9593500047104,1660.0945847653593,-0.007274222267387083
22020,"Fargo, ND-MN Metro Area",228557,0.021862150606322926,0.7740516767454646,0.5250114963314165,0.5282701767821113,-0.3258680450694773,FargoND,2810.3032461926464,2770.053759030927,-0.009636064134357653
22180,"Fayetteville, NC Metro Area",377458,0.00660033692208285,0.8132026520611128,0.594235874532455,0.5282701767821113,6.596569775034366,FayettevilleNC,1043.0588168748272,1694.0048587854785,-0.004115515204730259
22220,"Fayetteville-Springdale-Rogers, AR-MO Metro Area",502064,0.0187417376190261,0.905602117335686,0.355525401672485,0.5282701767821113,-17.274477510962633,FayettevilleAR,3163.059036953067,1114.818957509866,0.01776138252437503
22660,"Fort Collins, CO Metro Area",324657,0.019310405682316508,0.9847417840375589,0.5395521959820113,0.5282701767821113,1.1282019199900017,FortCollinsCO,2596.001790741888,2711.9136109194683,-0.0058846636064085
22900,"Fort Smith, AR-OK Metro Area",279821,-7.671700322839024e-4,0.997003745318352,0.29936884687624243,0.5282701767821113,-22.890132990586885,FortSmithAR,3996.347954507897,832.9401498744105,1.0920225179652343e-4
23060,"Fort Wayne, IN Metro Area",426940,0.0059420799448558406,0.8117705487956295,0.4277101290414893,0.5282701767821113,-10.056004774062199,FortWayneIN,1360.9646299519534,1964.1532565227737,-0.009272342727534168
23420,"Fresno, CA Metro Area",964983,0.008570521146525747,0.306234007908816,0.5098871051701185,0.5282701767821113,-1.8383071611992818,FresnoCA,5957.991468300239,4216.1285483116735,0.0011305489409514165
23540,"Gainesville, FL Metro Area",273495,0.00824807113900191,0,0.5777870804250211,0.5282701767821113,4.951690364290984,GainesvilleFL,1224.6968267806647,2330.5131996847977,0.008196544169562893
24340,"Grand Rapids-Wyoming, MI Metro Area",1028962,0.009770446668064894,0.8929095354523228,0.4428496208553545,0.5282701767821113,-8.542055592675679,GrandRapidsMI,2784.5475137336543,2330.9495535637334,-0.010283627295271916
24540,"Greeley, CO Metro Area",276379,0.020946378825694674,0.960344827586207,0.4451360079050882,0.5282701767821113,-8.313416887702306,GreeleyCO,3987.2380709872014,2212.471035216851,-0.01326838165315472
24580,"Green Bay, WI Metro Area",314498,0.006247568510526049,0.8383977900552486,0.5150294217376696,0.5282701767821113,-1.3240755044441666,GreenBayWI,1870.2141589072999,1869.1093125489406,-0.01441762775061253
24660,"Greensboro-High Point, NC Metro Area",747397,0.0075827648921494495,0.913031550068587,0.5113586172061326,0.5282701767821113,-1.6911559575978674,GreensboroNC,1993.7720402565571,1507.7073208251984,0.0016388883619833233
24860,"Greenville-Anderson-Mauldin, SC Metro Area",862533,0.010885648218502566,0.998010421601137,0.3469167646326657,0.5282701767821113,-18.13534121494456,GreenvilleSC,1995.3302243099197,1264.8345633908757,0.006267512737896436
25060,"Gulfport-Biloxi-Pascagoula, MS Metro Area",386297,0.009797386477631807,0,0.334799415086887,0.5282701767821113,-19.34707616952243,GulfportMS,1493.2270415924706,1092.3456738698658,-0.021386757337286934
25180,"Hagerstown-Martinsburg, MD-WV Metro Area",259817,0.007256449957526817,0.7351178585697162,0.41869782217607265,0.5282701767821113,-10.957235460603865,HagerstownMD,1007.9946571181025,1299.5587533532735,-0.008722220403263111
25420,"Harrisburg-Carlisle, PA Metro Area",561134,0.004901751721722755,0.823294065347855,0.4696995425916123,0.5282701767821113,-5.857063419049902,HarrisburgPA,1621.9507426289233,2445.9527227249655,-0.0013929536833760352
25540,"Hartford-West Hartford-East Hartford, CT Metro Area",1213225,-1.8827008293696682e-4,0.49785807412926053,0.6300908097886629,0.5282701767821113,10.182063300655164,HartfordCT,1514.61185650281,3250.8790834439023,-4.312029936810724e-6
25860,"Hickory-Lenoir-Morganton, NC Metro Area",362223,-0.002043537874204586,0.9202235772357723,0.35508186196651637,0.5282701767821113,-17.318831481559492,HickoryNC,1637.3806430763386,578.6416756977486,-4.987376704423375e-4
26420,"Houston-The Woodlands-Sugar Land, TX Metro Area",6497864,0.022093986127953862,0.2877846341039457,0.4505889424846672,0.5282701767821113,-7.768123429744412,HoustonTX,8827.487817318073,4109.5991438672545,-0.0035577470847105567
26620,"Huntsville, AL Metro Area",440724,0.012457447519875483,0.6044427615802096,0.39096044036374367,0.5282701767821113,-13.730973641836764,HuntsvilleAL,1361.5294182830191,1182.5379509448194,-0.0014163056782355754
26900,"Indianapolis-Carmel-Anderson, IN Metro Area",1971861,0.010254706146189441,0.46410008739248426,0.48721160708846534,0.5282701767821113,-4.105856969364597,IndianapolisIN,3854.458221428053,2285.637878036842,-0.008683591466971822
27140,"Jackson, MS Metro Area",578335,0.004156541288198286,0.378098102250337,0.505814733104714,0.5282701767821113,-2.245544367739727,JacksonMS,3726.1396933113206,1277.9327286869477,-0.011652834526307141
27260,"Jacksonville, FL Metro Area",1421004,0.012984640410021578,0,0.4121859608487893,0.5282701767821113,-11.608421593332203,JacksonvilleFL,3201.0777177345994,2158.7145510327027,-0.009570351010205383
28020,"Kalamazoo-Portage, MI Metro Area",334085,0.0054284017277449375,0.11649726348709928,0.5706856636550428,0.5282701767821113,4.24154868729315,KalamazooMI,1169.1327589162574,1603.743710535566,-0.006819233087103707
28140,"Kansas City, MO-KS Metro Area",2071283,0.007048226585916154,0.7151778707821084,0.5082001125523101,0.5282701767821113,-2.0070064229801177,KansasCityMO,7827.343781129488,2326.1356956445984,-0.007440367515128307
28420,"Kennewick-Richland, WA Metro Area",274469,0.01775920591696284,0.4374040780530586,0.3679909139259843,0.5282701767821113,-16.027926285612697,KennewickWA,2942.5501349813203,2212.400330428673,0.008118794266791188
28660,"Killeen-Temple, TX Metro Area",425143,0.010083192264220008,0.968,0.4061843437649699,0.5282701767821113,-12.208583301714137,KilleenTX,2815.9220278240673,2001.765865732296,-9.535098934481276e-4
28700,"Kingsport-Bristol-Bristol, TN-VA Metro Area",307723,-0.001507358281945602,0.8715688743389574,0.28515186317963387,0.5282701767821113,-24.311831360247744,KingsportTN,2009.8561780981224,633.4569796526505,0.0010805994304508466
28940,"Knoxville, TN Metro Area",857067,0.005395784725423894,0.9728858394643299,0.3337413065961504,0.5282701767821113,-19.452887018596087,KnoxvilleTN,1856.8479741991082,1343.2519938123005,0.004642562826584521
29180,"Lafayette, LA Metro Area",485411,0.00933926563239974,0,0.32655368728060463,0.5282701767821113,-20.17164895015067,LafayetteLA,1006.3671665660227,1524.5345766784296,0.006056014054835747
29460,"Lakeland-Winter Haven, FL Metro Area",635264,0.012951276629648305,5.935598753524262e-4,0.4673214104433928,0.5282701767821113,-6.0948766338718485,LakelandFL,1797.836831290338,1462.8030768793958,4.681105957191539e-4
29540,"Lancaster, PA Metro Area",533645,0.00630392735047349,0.6600458365164248,0.4220461257210265,0.5282701767821113,-10.622405106108479,LancasterPA,943.810204139942,2940.244928440935,0.0024358706489157832
29620,"Lansing-East Lansing, MI Metro Area",470322,0.003251822607655805,0,0.595259037197543,0.5282701767821113,6.698886041543172,LansingMI,1697.7030604002798,3222.1760771808645,-0.0011636143849593898
29700,"Laredo, TX Metro Area",267018,0.015130350941350488,0.006149341142020498,0.7453549613820372,0.5282701767821113,21.708478459992588,LaredoTX,3361.4823740496095,5300.126801973199,-0.011121915174326416
29820,"Las Vegas-Henderson-Paradise, NV Metro Area",2069146,0.014393945052696984,0.8802084518580889,0.5856231859435987,0.5282701767821113,5.735300916148745,LasVegasNV,7891.4306448524085,6527.238772770229,-0.0038257758679830557
30460,"Lexington-Fayette, KY Metro Area",494982,0.011111379525617143,1,0.45788759703279264,0.5282701767821113,-7.0382579749318666,LexingtonKY,1468.4976733482936,2918.6236487162664,-0.004135854824594394
30700,"Lincoln, NE Metro Area",319840,0.0135343928546566,0,0.5025308528692561,0.5282701767821113,-2.573932391285516,LincolnNE,1408.9760188078092,3747.9789888183923,-0.004994994991747942
30780,"Little Rock-North Little Rock-Conway, AR Metro Area",728960,0.009273259928503514,0.7977839335180056,0.4474357216993602,0.5282701767821113,-8.083445508275112,LittleRockAR,4085.1904499171424,1404.3264964780635,-0.003569116566435493
31080,"Los Angeles-Long Beach-Anaheim, CA Metro Area",13254397,0.007865575607467241,0.5345422176738038,0.6499052962845522,0.5282701767821113,12.163511950244088,LosAngelesCA,4848.451318307266,12113.876664404614,-0.0026726085940497945
31140,"Louisville/Jefferson County, KY-IN Metro Area",1271172,0.0066489051065008594,0.7199144433186987,0.4952428632303103,0.5282701767821113,-3.3027313551800996,LouisvilleKY,4110.862524459572,2477.34317892099,-0.0055517886722304035
31180,"Lubbock, TX Metro Area",306680,0.012089023121586896,0.09012629161882893,0.30440968916188377,0.5282701767821113,-22.386048762022753,LubbockTX,1795.7969797543462,3077.5581028333754,-9.619930843291248e-4
31340,"Lynchburg, VA Metro Area",258151,0.0049854450867736905,0.957922077922078,0.36509590727234387,0.5282701767821113,-16.317426950976742,LynchburgVA,2120.321291449999,808.2968046015185,0.008645114621703223
31420,"Macon, GA Metro Area",230591,-0.0018029638413195673,0.9155115511551155,0.5185087974763878,0.5282701767821113,-0.9761379305723517,MaconGA,1722.6392346219366,1049.8589498968972,-0.012288187157251829
31540,"Madison, WI Metro Area",634364,0.011206054086775247,0,0.7076811408762054,0.5282701767821113,17.941096409409408,MadisonWI,2725.348555668984,3502.198814157753,-0.006266684054484764
31700,"Manchester-Nashua, NH Metro Area",405339,0.0026806068158714224,0.8001693480101609,0.5123152420352209,0.5282701767821113,-1.595493474689036,ManchesterNH,876.1386257388065,2855.773792827429,-0.0063730470440620645
32580,"McAllen-Edinburg-Mission, TX Metro Area",831561,0.016277514908840957,0.9231228838876718,0.7027350376296315,0.5282701767821113,17.44648608475202,McAllenTX,1570.8651036221017,2083.7895003624294,0.01115237134137297
32820,"Memphis, TN-MS-AR Metro Area",1342914,0.0030914587938781005,0,0.5647274667037159,0.5282701767821113,3.6457289921604574,MemphisTN,4577.850381160067,2372.2608888327636,-0.013809264645252806
32900,"Merced, CA Metro Area",266087,0.008850287082862507,0.034304977196113424,0.5436095902816758,0.5282701767821113,1.533941349956447,MercedCA,1934.972185585416,2455.019004907093,3.1278484325520295e-4
33100,"Miami-Fort Lauderdale-West Palm Beach, FL Metro Area",5937100,0.015257011535784721,0.03502921190541862,0.6253985178199204,0.5282701767821113,9.71283410378091,MiamiFL,5077.264172266435,7395.306284416423,0.002168884755632359
33340,"Milwaukee-Waukesha-West Allis, WI Metro Area",1574115,0.002778844451708584,0.7928196960647688,0.5363367297776929,0.5282701767821113,0.8066552995581566,MilwaukeeWI,1454.7556278253026,5257.592077883909,-0.0036829814960861206
33460,"Minneapolis-St. Paul-Bloomington, MN-WI Metro Area",3495656,0.010227085877566308,0.36788707543008375,0.5645096214656369,0.5282701767821113,3.623944468352558,MinneapolisMN,6027.170408125443,3383.393442298006,-0.006685116482565956
33660,"Mobile, AL Metro Area",414926,9.622617396674168e-4,0.8167654923846064,0.45476331992527735,0.5282701767821113,-7.350685685683395,MobileAL,1229.43545761602,1659.2549071994124,-0.013069406064014414
33700,"Modesto, CA Metro Area",531951,0.007934036424263675,0.26582400617522195,0.5114608592137766,0.5282701767821113,-1.6809317568334703,ModestoCA,1494.826573713855,4322.724261843162,4.8613570181786604e-4
33860,"Montgomery, AL Metro Area",373256,-0.0012473652208318988,0.5498489425981873,0.4932274409338424,0.5282701767821113,-3.504273584826889,MontgomeryAL,2713.078321598401,1492.6534434575053,-0.007182855507778282
34820,"Myrtle Beach-Conway-North Myrtle Beach, SC-NC Metro Area",417177,0.024193544783526325,0.8970416504476448,0.37505382413733246,0.5282701767821113,-15.321635264477884,MyrtleBeachSC,1133.896155117321,894.1104170948903,0.013980544866258557
34940,"Naples-Immokalee-Marco Island, FL Metro Area",348355,0.019137914397825657,0.10250141056987022,0.3677180788588432,0.5282701767821113,-16.055209792326806,NaplesFL,1998.3243899199533,2103.2755549418403,-0.0010875187728773858
34980,"Nashville-Davidson--Murfreesboro--Franklin, TN Metro Area",1793910,0.017001074919420957,0.9795105064004508,0.43129967564824767,0.5282701767821113,-9.697050113386362,NashvilleTN,5688.651570200325,1695.256140626717,0.002064924339982451
35300,"New Haven-Milford, CT Metro Area",861238,-6.270880845505881e-4,0.8393665158371041,0.6151860254476726,0.5282701767821113,8.691584866556134,NewHavenCT,604.5059266683861,4007.3778554442597,0.00202875444073315
35380,"New Orleans-Metairie, LA Metro Area",1251962,0.011513224052330061,0.9063645202303492,0.4861078658441287,0.5282701767821113,-4.216231093798262,NewOrleansLA,2960.187647201454,4370.223511164925,-0.03365659398268941
35620,"New York-Newark-Jersey City, NY-NJ-PA Metro Area",20095119,0.00622221620558999,0.5095267228947253,0.6488792609430525,0.5282701767821113,12.060908416094119,NewYorkNY,6686.899940076943,31251.435609658183,-0.0013734090041102264
35840,"North Port-Sarasota-Bradenton, FL Metro Area",748795,0.015646966392396825,0.4636363636363637,0.46823906759590783,0.5282701767821113,-6.003110918620347,NorthPortFL,1298.7986596849098,2390.210042005409,-0.01002473288945147
35980,"Norwich-New London, CT Metro Area",272743,-0.0012106605470329943,0.9048463356973995,0.5997165534486145,0.5282701767821113,7.144637666650322,NorwichCT,664.8779650716529,1529.2439489730173,0.007357209550911377
36100,"Ocala, FL Metro Area",338749,0.00546748741088103,0,0.4297390977747423,0.5282701767821113,-9.853107900736902,OcalaFL,1584.5462144998355,823.9894424650919,0.015711527267314944
36260,"Ogden-Clearfield, UT Metro Area",632295,0.013189947769903525,0.3923069074584226,0.25086255596269313,0.5282701767821113,-27.740762081941817,OgdenUT,1484.058432317061,2937.3927039785526,6.928127635791224e-4
36420,"Oklahoma City, OK Metro Area",1337619,0.015351938983120409,0.7080373831775701,0.3685060861759485,0.5282701767821113,-15.97640906061628,OklahomaCityOK,5511.557041577026,2568.7896388225095,-7.722323473646494e-4
36500,"Olympia-Tumwater, WA Metro Area",266048,0.01250561695686416,0,0.6055377920721003,0.5282701767821113,7.726761528998905,OlympiaWA,721.961462755812,1702.8608966277388,0.008980445041621639
36540,"Omaha-Council Bluffs, NE-IA Metro Area",905267,0.010460594948458836,0.324317086234601,0.467957121639758,0.5282701767821113,-6.03130551423533,OmahaNE,4349.647490258642,3138.0538741946043,-0.004560911713805279
36740,"Orlando-Kissimmee-Sanford, FL Metro Area",2326729,0.020965220308720466,0,0.5416475263286622,0.5282701767821113,1.3377349546550898,OrlandoFL,3478.484047030334,2774.6487420141207,-0.002918610033889455
37100,"Oxnard-Thousand Oaks-Ventura, CA Metro Area",846119,0.006228869604573629,0.7061236987140233,0.5493083998849357,0.5282701767821113,2.103822310282444,OxnardCA,1843.1328210787076,5542.224531579657,0.006022220818034305
37340,"Palm Bay-Melbourne-Titusville, FL Metro Area",556902,0.0058756342488675405,0.46771037181996084,0.441577018817428,0.5282701767821113,-8.66931579646833,PalmBayFL,1015.6641312623842,2152.912814031168,2.46332175602277e-4
37860,"Pensacola-Ferry Pass-Brent, FL Metro Area",472278,0.011459712293760515,0,0.34780585114644436,0.5282701767821113,-18.046432563566693,PensacolaFL,1668.0657636251597,1471.8580468828998,-0.005105147090693086
37900,"Peoria, IL Metro Area",379784,5.515791100741012e-4,0.27881873727087575,0.4783698191615492,0.5282701767821113,-4.990035762056211,PeoriaIL,2470.8510533639537,1651.1941184848595,-0.012027828485411712
37980,"Philadelphia-Camden-Wilmington, PA-NJ-DE-MD Metro Area",6053720,0.0034202507769944025,0.758113552290665,0.6525243865307127,0.5282701767821113,12.425420974860135,PhiladelphiaPA,4602.101334060235,7773.154881096155,-0.003676960016487895
38060,"Phoenix-Mesa-Scottsdale, AZ Metro Area",4486543,0.01620317425856599,0.6804446748459192,0.4442073467482255,0.5282701767821113,-8.406283003388582,PhoenixAZ,14565.754667203091,4394.94638137588,-0.01346378220930343
38300,"Pittsburgh, PA Metro Area",2358096,1.1749525781457431e-4,0.9593972618803318,0.5036362586793186,0.5282701767821113,-2.4633918102792696,PittsburghPA,5281.476279426777,2990.764020674451,-0.009536888862423215
38860,"Portland-South Portland, ME Metro Area",523546,0.004652942477316871,0.817401392111369,0.6217388840701764,0.5282701767821113,9.346870728806511,PortlandME,2079.6487404574846,1471.0953487799995,-0.004010281274065321
38900,"Portland-Vancouver-Hillsboro, OR-WA Metro Area",2348607,0.012681023289569122,0.7641548536848214,0.6314639074862772,0.5282701767821113,10.319373070416592,PortlandOR,6683.747225855873,4372.601221649554,0.00904641102591094
38940,"Port St. Lucie, FL Metro Area",444495,0.011069509015407087,0,0.49454854260200565,0.5282701767821113,-3.3721634180105653,PortStLuciFL,1115.3898253582643,1921.0210541287934,0.012947734343223424
39140,"Prescott, AZ Metro Area",218852,0.008989884209768751,0,0.3604258369504278,0.5282701767821113,-16.784433983168352,PrescottAZ,8123.499020458782,724.5262407315442,0.004868192493790618
39300,"Providence-Warwick, RI-MA Metro Area",1609533,0.0011114844739546475,0.7930986211240988,0.6306991878593993,0.5282701767821113,10.242901107728796,ProvidenceRI,1586.9098250648265,4763.746444572134,-0.002632379627901272
39340,"Provo-Orem, UT Metro Area",571990,0.018933799479622634,0.2046603032004492,0.14740495442529894,0.5282701767821113,-38.08652223568124,ProvoUT,5395.731868255761,4270.345508363928,-0.011301533083702789
39580,"Raleigh, NC Metro Area",1243035,0.02219286269738518,0.8860741579394282,0.5362335011770614,0.5282701767821113,0.7963324394950066,RaleighNC,2118.200032973126,1850.145531878301,0.008814043185738854
39740,"Reading, PA Metro Area",414360,0.001437661886481837,0.5724406659582005,0.5207587796310819,0.5282701767821113,-0.7511397151029442,ReadingPA,856.5064950107877,4656.807790851199,0.007593089406557363
39900,"Reno, NV Metro Area",444062,0.010304932071924598,0.7533649532111267,0.5404517786926548,0.5282701767821113,1.2181601910543516,RenoNV,6565.286108661508,3714.665631758015,-0.013903613066966369
40060,"Richmond, VA Metro Area",1259685,0.01000558645346845,0.9812470201832917,0.4824547420015103,0.5282701767821113,-4.581543478060102,RichmondVA,5684.9617392049695,2175.685318323452,7.664399373580953e-4
40140,"Riverside-San Bernardino-Ontario, CA Metro Area",4438715,0.011218916165174045,0.3049691818071949,0.5218967185040904,0.5282701767821113,-0.6373458278020938,RiversideCA,27263.418274524825,4299.607636302319,0.005724648195563739
40220,"Roanoke, VA Metro Area",313691,0.004042829324345112,0.6836403033586133,0.37027116595417,0.5282701767821113,-15.799901082794133,RoanokeVA,1868.6783807492545,1483.3924203506888,-0.002405162331522935
40380,"Rochester, NY Metro Area",1083678,7.839789267547214e-4,0.9588094605368057,0.5538719682836409,0.5282701767821113,2.5601791501529636,RochesterNY,2928.119203641098,2909.034150609634,-0.006258165923586202
40420,"Rockford, IL Metro Area",342367,-0.00495757225196989,0,0.5390710816680133,0.5282701767821113,1.0800904885902018,RockfordIL,794.0815061691405,2381.431847761646,-0.00847925588155978
40900,"Sacramento--Roseville--Arden-Arcade, CA Metro Area",2244879,0.010270799281062696,0.664135057720684,0.5519676175708692,0.5282701767821113,2.3697440788757906,SacramentoCA,5094.224645442373,4538.489004063374,-0.0010047593380248536
41180,"St. Louis, MO-IL Metro Area",2806191,0.0014442832505636497,0.871670441065459,0.5584073925236507,0.5282701767821113,3.013721574153938,StLouisMO,8623.241572161724,2742.4562425398585,-0.009505568691851285
41420,"Salem, OR Metro Area",403821,0.007724838335961744,0.7840343110127282,0.4952680327714191,0.5282701767821113,-3.3002144010692183,SalemOR,1923.112659595334,2958.086996425226,0.010605964966732441
41500,"Salinas, CA Metro Area",431293,0.008777529321375705,0.003928054579284681,0.692165750266298,0.5282701767821113,16.38955734841867,SalinasCA,3280.5954073918488,6402.323901966237,-0.00506904575487718
41540,"Salisbury, MD-DE Metro Area",389811,0.009828703615879742,0,0.45030088025285403,0.5282701767821113,-7.796929652925727,SalisburyMD,694.1668196918287,1089.8190610736165,0.002987468195659869
41620,"Salt Lake City, UT Metro Area",1154513,0.013985852933438006,0.7220239817404444,0.44050168911393295,0.5282701767821113,-8.776848766817835,SaltLakeCityUT,9555.345254109285,4563.5052401660005,-0.0037601348028854903
41700,"San Antonio-New Braunfels, TX Metro Area",2332790,0.020025725518221363,0.1499132292083834,0.46718173340248603,0.5282701767821113,-6.108844337962527,SanAntonioTX,7312.643345065691,3475.4268347811535,-0.0026950564479199545
41740,"San Diego-Carlsbad, CA Metro Area",3265700,0.012664546147259976,0.9370495752767452,0.5453759389827249,0.5282701767821113,1.710576220061355,SanDiegoCA,4206.629778979671,6920.540649408696,-0.002481352519149739
41860,"San Francisco-Oakland-Hayward, CA Metro Area",4595980,0.01401811967626969,0.9342510231000778,0.7773491079746663,0.5282701767821113,24.907893119255498,SanFranciscoCA,2470.541274708609,12144.938991509425,-0.002387423142559329
41940,"San Jose-Sunnyvale-Santa Clara, CA Metro Area",1954348,0.01474675542043728,0.6168478260869564,0.711607405434415,0.5282701767821113,18.333722865230374,SanJoseCA,2678.8100068417307,8417.749205535754,0.00140341044801537
42020,"San Luis Obispo-Paso Robles-Arroyo Grande, CA Metro Area",279116,0.008389355197474573,0.3681792073520965,0.5164381240676292,0.5282701767821113,-1.1832052714482066,SanLuisObispoCA,3298.566812278667,2293.416573293353,-0.0025386127490220037
42100,"Santa Cruz-Watsonville, CA Metro Area",271401,0.007608126024445305,0.4460724460724461,0.7935137454280283,0.5282701767821113,26.524356864591702,SantaCruzCA,445.1704096698518,4553.7227916903585,0.0016403185497315714
42200,"Santa Maria-Santa Barbara, CA Metro Area",441228,0.00973370618828415,0.6641937290033595,0.6049512113526119,0.5282701767821113,7.668103457050057,SantaMariaCA,2735.0852675765295,6242.761992249022,0.0032786392218023793
42220,"Santa Rosa, CA Metro Area",499674,0.007559503887851989,0.6812577065351418,0.7457226505213839,0.5282701767821113,21.745247373927256,SantaRosaCA,1575.849052582483,3253.6224166405595,0.002825242468278794
42340,"Savannah, GA Metro Area",372357,0.01637371774538816,0.46289702321606613,0.49415022776576467,0.5282701767821113,-3.411994901634663,SavannahGA,1340.102721711452,1811.086314450924,-0.017300689944062395
42540,"Scranton--Wilkes-Barre--Hazleton, PA Metro Area",560041,-0.0016471196383707313,0.9021472834702405,0.5716009683017265,0.5282701767821113,4.333079151961517,ScrantonPA,1746.7339601573444,2889.076689023136,-0.0022371111414685174
42660,"Seattle-Tacoma-Bellevue, WA Metro Area",3672866,0.015748373296116686,0.7390591052188179,0.6803603685327528,0.5282701767821113,15.209019175064153,SeattleWA,5872.347818986034,4721.612433059076,0.005380678292443184
43340,"Shreveport-Bossier City, LA Metro Area",444758,0.0020119731461691343,0.842174484875055,0.43829885526812745,0.5282701767821113,-8.997132151398384,ShreveportLA,2594.175010849471,1566.3711277134698,-0.008879227961354656
43620,"Sioux Falls, SD Metro Area",248062,0.01976766029000745,0.1720395786785828,0.4586408916631987,0.5282701767821113,-6.962928511891259,SiouxFallsSD,2575.6868448811347,2215.015010643518,-0.0014332679392528671
43780,"South Bend-Mishawaka, IN-MI Metro Area",319454,3.673021889047239e-4,0,0.539239552193274,0.5282701767821113,1.0969375411162718,SouthBendIN,947.9119084721628,2015.568183767199,-0.012436024131009077
43900,"Spartanburg, SC Metro Area",321483,0.006141232813238997,0.9960906958561376,0.3936840597954567,0.5282701767821113,-13.458611698665463,SpartanburgSC,807.9259849852587,799.647837234398,-0.001962134424499902
44060,"Spokane-Spokane Valley, WA Metro Area",540915,0.005768414997347574,0.0019649453745185885,0.4706726020702716,0.5282701767821113,-5.759757471183969,SpokaneWA,1763.791434168807,2861.715716232934,-0.0025766713883724197
44140,"Springfield, MA Metro Area",630672,0.0028897631047714112,0.7882033704655814,0.6579092254162442,0.5282701767821113,12.963904863413289,SpringfieldMA,1843.7150716528417,3184.8847078409162,0.00358203456702219
44180,"Springfield, MO Metro Area",452188,0.008307334599632073,0.6814218645204562,0.363517004879058,0.5282701767821113,-16.475317190305326,SpringfieldMO,3006.8040651153597,1434.4108403668786,-0.003793530270721446
44700,"Stockton-Lodi, CA Metro Area",715114,0.009866127049650519,0.6199808379061058,0.5622286135038306,0.5282701767821113,3.3958436721719276,StocktonCA,1391.321503420093,4889.0777809937435,-0.006117346814018133
45060,"Syracuse, NY Metro Area",661751,-4.823443879157271e-4,0.9314634944887046,0.5826290379078445,0.5282701767821113,5.435886112573318,SyracuseNY,2384.881502153678,2749.282881420425,-4.853726059575993e-4
45220,"Tallahassee, FL Metro Area",375645,0.004180292038979067,0,0.6066928921789655,0.5282701767821113,7.842271539685419,TallahasseeFL,2387.697454196699,1964.2429387201862,0.011040545553317394
45300,"Tampa-St. Petersburg-Clearwater, FL Metro Area",2917813,0.011313361699328568,0.3840723582616368,0.5205950034484571,0.5282701767821113,-0.7675173333654195,TampaFL,2513.4371267357224,3323.0190082185086,-0.003595130836115487
45780,"Toledo, OH Metro Area",606781,-0.0013764382562022745,0.9922488851136123,0.6174598315846052,0.5282701767821113,8.918965480249385,ToledoOH,1618.4190791617568,2701.914430478838,-0.0137182504819296
45820,"Topeka, KS Metro Area",233798,-5.138045335584015e-4,0.8886944347217361,0.46382237106275004,0.5282701767821113,-6.444780571936127,TopekaKS,3232.627239199564,1595.3494029353915,-0.00471006083704656
45940,"Trenton, NJ Metro Area",371601,0.002462294770791521,0.677027027027027,0.6851680309863475,0.5282701767821113,15.689785420423618,TrentonNJ,224.55749293046918,5864.581835020857,0.0013930143407974035
46060,"Tucson, AZ Metro Area",1004244,0.005632845478651719,0.03212755830556878,0.5329395453629613,0.5282701767821113,0.46693685808499863,TucsonAZ,9187.035592056796,3213.002621181252,-0.006145505964440192
46140,"Tulsa, OK Metro Area",970107,0.007887475989327824,0.9806011883956659,0.34725613843186265,0.5282701767821113,-18.101403835024865,TulsaOK,6269.236623490147,1980.2187426800424,-0.0036432867342734154
46220,"Tuscaloosa, AL Metro Area",237989,0.008071501225090198,0.8286713286713288,0.43805788903286436,0.5282701767821113,-9.021228774924694,TuscaloosaAL,2612.807428451406,1308.1954425579038,0.007498787741200902
46340,"Tyler, TX Metro Area",220050,0.011127917026505004,0.6026365348399247,0.2864947060567452,0.5282701767821113,-24.17754707253661,TylerTX,921.4543318347421,1167.033835368645,-0.003328875594470543
46520,"Urban Honolulu, HI Metro Area",992082,0.009163394594801338,0,0.7031723448031241,0.5282701767821113,17.490216802101276,HonoluluHI,600.7429961065457,11548.200796231135,0.005068197193667956
46540,"Utica-Rome, NY Metro Area",296987,-0.001923641146484862,0.9080855246989433,0.4688306370707237,0.5282701767821113,-5.94395397113876,UticaNY,2623.8983512664922,2186.3927331322625,0.00494789473791784
46700,"Vallejo-Fairfield, CA Metro Area",430791,0.009901833158090165,0.837914691943128,0.6478676907260408,0.5282701767821113,11.959751394392947,VallejoCA,821.7648880998677,4502.058473504635,-0.008131412113264699
47260,"Virginia Beach-Norfolk-Newport News, VA-NC Metro Area",1717853,0.005574532170395338,0.8564277004043386,0.5564785205758896,0.5282701767821113,2.8208343793778345,VirginiaBeachVA,2629.589925127066,4084.0724487175526,0.012913463456397756
47300,"Visalia-Porterville, CA Metro Area",457260,0.007874889832781114,0.041308741788782216,0.4224906550081183,0.5282701767821113,-10.577952177399302,VisaliaCA,4824.2146948171185,2804.0655386782273,0.0034618103101076935
47380,"Waco, TX Metro Area",260264,0.00626680157563215,0.8028858541612988,0.36597296489550957,0.5282701767821113,-16.22972118866017,WacoTX,1037.1013170717392,1742.976332236299,-0.008160608004634664
47900,"Washington-Arlington-Alexandria, DC-VA-MD-WV Metro Area",6033891,0.01570351999317568,0.9694907701009547,0.6863969771733724,0.5282701767821113,15.812680039126114,WashingtonDC,5598.319680245623,6388.077848246706,0.0021568081793078746
48620,"Wichita, KS Metro Area",641480,0.003758943805096909,0.6042814221331999,0.3994327913998602,0.5282701767821113,-12.88373853822511,WichitaKS,4149.070512681912,2265.5707195202385,-0.004450917127713993
48900,"Wilmington, NC Metro Area",272671,0.016116110482315177,0,0.4704278885823591,0.5282701767821113,-5.784228819975218,WilmingtonNC,1908.3024396252029,1232.131823853829,0.01376324365990311
49180,"Winston-Salem, NC Metro Area",655195,0.005320293270940723,0.987078474629688,0.43940788349606896,0.5282701767821113,-8.886229328604234,WinstonNC,1455.9392252010434,1202.60931134228,0.005841685452610407
49340,"Worcester, MA-CT Metro Area",931802,0.003476510794907155,0.886234696924455,0.5607429615597594,0.5282701767821113,3.2472784777648145,WorcesterMA,1510.7702556923043,2885.1565265514337,-0.0013011195047497603
49420,"Yakima, WA Metro Area",247698,0.003440018017251919,0.368496079828938,0.44319325267275017,0.5282701767821113,-8.507692410936112,YakimaWA,4295.395701061163,2377.0693019475316,0.004805128176407469
49620,"York-Hanover, PA Metro Area",441177,0.003215452736416171,0.8808442425861608,0.411834187751839,0.5282701767821113,-11.64359890302723,YorkPA,904.1814962077044,2306.4163677004494,0.002744444978832745
49660,"Youngstown-Warren-Boardman, OH-PA Metro Area",553510,-0.005082489948502757,0.9521875576887578,0.6031741948762088,0.5282701767821113,7.490401809409752,YoungstownOH,1702.4944949551889,1569.8218596428246,-0.015974648215137312
